position_id,asset,side,ret_1_dir,ret_6_dir,ret_12_dir,ret_48_dir,sigma_bar_pct,vol_percentile,imbalance_dir,spread_bps,depth_log,fv_edge_bps,basis_dir,volume_z,funding_dir,mom_dir,drawdown_pct,regime_bull_quiet,regime_bull_vol,regime_range,regime_bear,regime_crisis,corr_fast,corr_shift,turbulence_pct,sent_dir,sent_fear,fear_greed,dominance_delta,equity_risk_z,hour_sin,hour_cos,weekend,imbalance_delta_dir,other_ret_6_dir,depth_ratio,mtf_align,pd_zone,liq_pocket_pull,fvg_pull,fvg_liq_confluence,poc_dist,va_pos,regime_age,funding_dist,venue_disloc_dir,th_grid,th_metronome,th_clockwork,th_stopzone,th_barclose,opt_pcr_z,opt_oi_pcr_z,opt_iv_skew,manip_suspect,pat_engulf_dir,pat_hammer_dir,pat_marubozu_dir,direction,gate_confidence,label,net_pnl_usd,source,ts,signal_ts
ee76e4ed-6846-4bbd-9a81-f802aa549810,ETH,short,-0.429110,-0.167218,0.461038,-0.336043,0.143860,0.430000,0.507542,0.005614,0.838660,0.000000,0.007632,-0.825301,-0.039343,0.333333,0.465007,0.000000,0.000000,1.000000,0.000000,0.000000,0.840021,-0.030309,0.140000,-0.002765,0.000000,0.280000,0.000000,0.000000,0.346117,-0.938191,0.000000,-0.019874,-0.023312,1.000000,0.000000,0.396522,0.872086,0.000000,0.000000,0.038133,0.000000,0.500000,0.500000,0.000000,0.000000,0.000000,0.000000,0.000000,0.000000,0.000000,0.000000,0.000000,0.000000,-0.000000,-0.000000,-0.000000,-1.000000,0.875000,1,0.04,live,1783946147,1783946147
0b5b32e4-bbcf-4305-931b-5cb2e5e40502,ETH,short,-1.039931,-0.152125,-0.198197,-0.231192,0.143013,0.426667,0.321890,0.005611,0.816531,0.030997,0.502698,-0.290338,-0.037287,0.333333,0.466066,0.000000,0.000000,1.000000,0.000000,0.000000,0.907067,0.046160,0.184000,-0.002641,0.000000,0.280000,-0.020116,0.000000,0.233445,-0.972370,0.000000,0.131078,0.024265,0.852464,0.000000,0.429495,0.863350,0.000000,0.000000,0.033655,0.000000,0.500000,0.500000,0.000000,0.000000,0.000000,0.000000,0.000000,0.000000,0.000000,0.000000,0.000000,0.000000,-0.000000,-0.000000,-0.000000,-1.000000,0.750000,1,0.04,live,1783946147,1783946147
e40da03e-e570-47dc-b072-e92532f69dc0,BTC,short,0.431259,0.939699,0.530137,0.424693,0.077828,0.216667,0.633902,0.001591,0.888107,0.000000,-0.225555,0.162171,-0.005073,1.000000,0.349386,0.000000,0.000000,1.000000,0.000000,0.000000,0.884659,0.050104,0.104000,-0.002486,0.000000,0.280000,0.000904,0.000000,-0.017452,-0.999848,0.000000,-0.119568,0.165098,1.361136,0.000000,0.057857,0.987113,0.000000,0.000000,0.017815,0.000000,0.500000,0.500000,0.000000,0.000000,0.000000,0.000000,0.000000,0.000000,0.000000,0.000000,0.000000,0.000000,-0.000000,-0.000000,-0.000000,-1.000000,1.000000,1,0.01,live,1783946276,1783946276
814af010-1e31-40af-af17-16708d7dde77,BTC,short,-0.925042,0.707569,1.195754,0.757460,0.077501,0.216667,0.095012,0.001593,0.900865,0.000000,-0.040229,-0.170983,-0.014499,1.000000,0.349386,0.000000,0.000000,1.000000,0.000000,0.000000,0.788735,-0.035122,0.104000,-0.001884,0.000000,0.280000,-0.014310,0.000000,-0.121869,-0.992546,0.000000,-0.798132,0.021913,1.637439,0.000000,0.108738,0.970272,0.000000,0.000000,-0.055614,0.000000,0.500000,0.500000,0.000000,0.000000,0.000000,0.000000,0.000000,0.000000,0.000000,0.000000,0.000000,0.000000,-0.000000,-0.000000,-0.000000,-1.000000,0.875000,1,0.01,live,1783948235,1783948235
013d03a7-e867-4991-9da0-b0c6e3c92eef,BTC,short,0.116496,0.819168,1.285602,1.768435,0.075523,0.210000,-0.014472,0.001600,0.903274,0.000000,-0.118152,-0.068795,-0.054492,1.000000,0.352677,0.000000,0.000000,1.000000,0.000000,0.000000,0.897288,0.076356,0.136000,0.000964,0.000000,0.280000,-0.017396,0.000000,-0.378649,-0.925541,0.000000,-1.039165,0.136142,1.851124,0.000000,0.206914,0.914147,0.000000,0.000000,-0.146677,-0.056431,0.500000,0.500000,0.000000,0.000000,0.000000,0.000000,0.000000,0.000000,0.000000,0.000000,0.000000,0.000000,-0.000000,-0.000000,-0.000000,-1.000000,0.875000,1,0.02,live,1783950690,1783950690
8ba179b8-31bc-458b-8c73-06ff25df676a,ETH,long,0.415881,-2.133124,-1.777248,-1.409311,0.101900,0.210000,1.082443,0.033907,0.867316,0.000000,-0.093676,0.243231,0.032178,-0.333333,0.465265,0.000000,0.000000,1.000000,0.000000,0.000000,0.732869,-0.071463,0.104000,-0.001397,0.000000,0.280000,-0.009758,0.000000,-0.186524,-0.982450,0.000000,1.299099,-0.349273,2.198137,0.000000,0.184853,0.572353,0.964127,0.000000,-0.092643,-0.072704,0.500000,0.500000,0.000000,0.000000,0.000000,0.000000,0.000000,0.000000,0.000000,0.000000,0.000000,0.000000,0.000000,0.000000,0.000000,1.000000,0.875000,1,0.04,live,1783955901,1783955901
3a198913-101a-43fe-b74f-031b2cbc5e6d,ETH,short,1.336504,0.246650,1.718435,1.532024,0.101024,0.210000,0.253340,0.022621,0.770150,0.000000,-0.150575,-0.259457,-0.031649,0.333333,0.468809,0.000000,0.000000,1.000000,0.000000,0.000000,0.828575,0.016405,0.136000,0.003415,0.000000,0.280000,0.001318,0.000000,-0.309017,-0.951057,0.000000,-0.275189,0.113512,0.540170,0.000000,0.170795,0.925944,0.000000,0.000000,-0.014627,0.000000,0.500000,0.500000,0.000000,0.000000,0.000000,0.000000,0.000000,0.000000,0.000000,0.000000,0.000000,0.000000,-0.000000,-0.000000,-0.000000,-1.000000,0.875000,1,0.04,live,1783965486,1783965486
fc5f7f61-bb0a-4d50-bf68-9d9ea6a85c5d,BTC,long,0.031330,0.103043,-0.096957,0.630310,0.091106,0.303333,1.056436,0.001586,0.889597,-0.000987,-0.000533,-1.188575,-0.004804,-1.000000,0.347429,0.000000,0.000000,1.000000,0.000000,0.000000,0.846276,-0.032533,0.140000,0.002765,0.000000,0.280000,0.000000,0.000000,0.342020,-0.939693,0.000000,0.000000,0.036472,1.243818,1.000000,0.652052,0.901422,0.000000,0.000000,0.078940,0.017237,0.500000,0.500000,0.000000,0.000000,0.000000,0.000000,0.000000,0.000000,0.000000,0.000000,0.000000,0.000000,0.000000,0.000000,0.000000,1.000000,0.750000,0,-0.33,live,1783965554,1783965554
953bfb61-ac95-4d48-9133-eb74d29e395d,ETH,long,-1.480070,0.259285,1.529384,0.056353,0.119321,0.296667,1.084618,0.067354,0.779404,0.000000,0.497264,-0.669204,0.006489,-0.333333,0.467482,0.000000,0.000000,1.000000,0.000000,0.000000,0.807851,-0.048858,0.156000,0.003260,0.000000,0.280000,0.002571,0.000000,-0.788011,-0.615661,0.000000,0.867962,0.005736,0.876680,1.000000,0.850100,0.930044,0.000000,0.000000,0.140802,0.013659,0.500000,0.500000,0.000000,0.000000,0.000000,0.000000,0.000000,0.000000,0.000000,0.000000,0.000000,0.000000,0.000000,0.000000,0.000000,1.000000,0.875000,0,-0.32,live,1783966795,1783966795
faf7f82a-e8dd-4760-b54d-a56017c00197,BTC,short,2.236931,2.588583,2.188736,2.470407,0.084105,0.266667,0.380261,0.001610,0.883069,0.000000,-0.608319,1.903001,-0.068329,1.000000,0.352677,0.000000,0.000000,1.000000,0.000000,0.000000,0.862615,0.034879,0.136000,-0.001785,0.000000,0.280000,-0.024321,0.000000,-0.469472,-0.882948,0.000000,-0.095743,0.251901,1.241286,0.000000,0.043562,0.976950,0.000000,0.000000,-0.246490,-0.134020,0.500000,0.500000,0.000000,0.000000,0.000000,0.000000,0.000000,0.000000,0.000000,0.000000,0.000000,0.000000,-0.000000,-0.000000,-0.000000,-1.000000,1.000000,1,0.03,live,1783966842,1783966842
cand-1,ETH,short,-0.545938,-0.214915,0.427145,-0.352827,0.143901,0.430000,0.889786,0.005612,0.852458,0.005315,0.147547,-0.948205,-0.039488,0.333333,0.465007,0.000000,0.000000,1.000000,0.000000,0.000000,0.808053,-0.042632,0.140000,-0.002765,0.000000,0.280000,0.000000,0.000000,0.350207,-0.936672,0.000000,-0.000000,-0.047095,1.350973,0.000000,0.413913,0.866498,0.000000,0.000000,0.041493,0.000000,0.500000,0.500000,0.000000,0.000000,0.000000,0.000000,0.000000,0.000000,0.000000,0.000000,0.000000,0.000000,-0.000000,-0.000000,-0.000000,-1.000000,0.875000,1,0.00,candidate,1783968013,1783968013
cand-2,BTC,long,0.031330,0.103043,-0.096957,0.630310,0.091106,0.303333,1.056436,0.001586,0.889597,-0.000987,-0.000533,-1.188575,-0.004804,-1.000000,0.347429,0.000000,0.000000,1.000000,0.000000,0.000000,0.846276,-0.032533,0.140000,0.002765,0.000000,0.280000,0.000000,0.000000,0.342020,-0.939693,0.000000,0.000000,0.036472,1.243818,1.000000,0.652052,0.901422,0.000000,0.000000,0.078940,0.017237,0.500000,0.500000,0.000000,0.000000,0.000000,0.000000,0.000000,0.000000,0.000000,0.000000,0.000000,0.000000,0.000000,0.000000,0.000000,1.000000,0.750000,0,0.00,candidate,1783968324,1783968324
cand-3,ETH,short,-0.066905,-0.085164,0.409700,-0.249671,0.142565,0.426667,0.390839,0.005612,0.839678,0.021814,0.192756,-1.125861,-0.039124,0.333333,0.465007,0.000000,0.000000,1.000000,0.000000,0.000000,0.866552,-0.025928,0.140000,-0.002765,0.000000,0.280000,0.000000,0.000000,0.337917,-0.941176,0.000000,-0.116704,-0.023947,0.994125,0.000000,0.391884,0.873577,0.000000,0.000000,0.037237,0.000000,0.500000,0.500000,0.000000,0.000000,0.000000,0.000000,0.000000,0.000000,0.000000,0.000000,0.000000,0.000000,-0.000000,-0.000000,-0.000000,-1.000000,0.750000,1,0.00,candidate,1783968324,1783968324
cand-4,BTC,short,2.571064,0.961566,0.845636,-0.239529,0.093367,0.350000,1.069019,0.001590,0.858869,-2.011387,-2.362906,2.566451,0.004472,1.000000,0.347429,0.000000,0.000000,1.000000,0.000000,0.000000,0.826928,0.094044,0.140000,-0.002765,0.000000,0.280000,0.000000,0.000000,0.333807,-0.942641,0.000000,1.370044,0.140403,0.878864,0.000000,0.366604,0.895884,0.000000,0.000000,-0.010754,0.000000,0.500000,0.500000,0.000000,0.000000,0.000000,0.000000,0.000000,0.000000,0.000000,0.000000,0.000000,0.000000,-0.000000,-0.000000,-0.000000,-1.000000,0.750000,1,0.00,candidate,1783968324,1783968324
cand-5,BTC,short,0.467263,1.532080,1.032310,-0.211875,0.093247,0.350000,0.607899,0.001591,0.930319,0.000000,-0.377908,0.408521,0.005139,1.000000,0.347429,0.000000,0.000000,1.000000,0.000000,0.000000,0.842156,0.055874,0.140000,-0.002765,0.000000,0.280000,-0.014357,0.000000,0.317305,-0.948324,0.000000,-0.285321,0.412244,2.627707,0.000000,0.295709,0.915968,0.000000,0.000000,-0.022848,0.000000,0.500000,0.500000,0.000000,0.000000,0.000000,0.000000,0.000000,0.000000,0.000000,0.000000,0.000000,0.000000,-0.000000,-0.000000,-0.000000,-1.000000,1.000000,1,0.00,candidate,1783968606,1783968606
cand-6,BTC,short,-0.275982,0.898922,0.778889,-0.377118,0.093295,0.350000,0.560236,0.001590,0.842114,0.000000,0.233583,-0.751368,0.006481,1.000000,0.347429,0.000000,0.000000,1.000000,0.000000,0.000000,0.886175,0.058473,0.140000,-0.002706,0.000000,0.280000,-0.014357,0.000000,0.296542,-0.955020,0.000000,-0.047664,0.202725,0.696402,0.000000,0.395522,0.887699,0.000000,0.000000,-0.005825,0.000000,0.500000,0.500000,0.000000,0.000000,0.000000,0.000000,0.000000,0.000000,0.000000,0.000000,0.000000,0.000000,-0.000000,-0.000000,-0.000000,-1.000000,0.750000,1,0.00,candidate,1783968930,1783968930
cand-7,ETH,short,-0.141778,0.319740,0.602725,-0.134797,0.142701,0.426667,0.617432,0.005623,0.827989,0.029985,0.065771,-1.291930,-0.036782,0.333333,0.466066,0.000000,0.000000,1.000000,0.000000,0.000000,0.429769,-0.042986,0.184000,-0.002641,0.000000,0.280000,0.000000,0.000000,0.275637,-0.961262,0.000000,-0.000000,0.242922,0.927219,0.000000,0.228406,0.926199,0.000000,0.000000,-0.010150,0.000000,0.500000,0.500000,0.000000,0.000000,0.000000,0.000000,0.000000,0.000000,0.000000,0.000000,0.000000,0.000000,-0.000000,-0.000000,-0.000000,-1.000000,0.750000,1,0.00,candidate,1783969212,1783969212
cand-8,BTC,short,-0.832466,1.273823,0.916859,-0.375247,0.093635,0.350000,0.523381,0.001591,0.863009,0.000000,0.226199,-0.990009,0.005891,1.000000,0.349221,0.000000,0.000000,1.000000,0.000000,0.000000,0.910072,0.023542,0.184000,-0.002641,0.000000,0.280000,0.000000,0.000000,0.258819,-0.965926,0.000000,-0.000000,0.041550,1.082446,0.000000,0.310554,0.913283,0.000000,0.000000,-0.026268,0.000000,0.500000,0.500000,0.000000,0.000000,0.000000,0.000000,0.000000,0.000000,0.000000,0.000000,0.000000,0.000000,-0.000000,-0.000000,-0.000000,-1.000000,0.875000,1,0.00,candidate,1783969524,1783969524
cand-9,BTC,long,1.956051,-0.797078,-0.579570,0.534570,0.094694,0.360000,1.213284,0.001590,0.903543,0.000000,-0.240312,-0.048603,-0.005460,-1.000000,0.349221,0.000000,0.000000,1.000000,0.000000,0.000000,0.832900,0.013367,0.184000,0.002641,0.000000,0.280000,0.000000,0.000000,0.246153,-0.969231,0.000000,1.736665,0.026381,1.836785,0.000000,0.438686,0.843431,0.000000,0.000000,-0.004796,0.000000,0.500000,0.500000,0.000000,0.000000,0.000000,0.000000,0.000000,0.000000,0.000000,0.000000,0.000000,0.000000,0.000000,0.000000,0.000000,1.000000,0.875000,0,0.00,candidate,1783969524,1783969524
cand-10,BTC,long,1.700735,-0.103848,-0.012480,0.581920,0.095391,0.366667,0.991983,0.001587,0.881517,-0.188236,-0.691344,-0.077686,-0.004491,-1.000000,0.349221,0.000000,0.000000,1.000000,0.000000,0.000000,0.907067,0.046160,0.184000,0.002641,0.000000,0.280000,-0.020116,0.000000,0.233445,-0.972370,0.000000,-0.041628,0.053291,1.070069,0.000000,0.591984,0.892354,0.000000,0.000000,0.024428,0.017815,0.500000,0.500000,0.000000,0.000000,0.000000,0.000000,0.000000,0.000000,0.000000,0.000000,0.000000,0.000000,0.000000,0.000000,0.000000,1.000000,0.875000,0,0.00,candidate,1783969814,1783969814
cand-11,ETH,short,-1.039931,-0.152125,-0.198197,-0.231192,0.143013,0.426667,0.321890,0.005611,0.816531,0.030997,0.502698,-0.290338,-0.037287,0.333333,0.466066,0.000000,0.000000,1.000000,0.000000,0.000000,0.907067,0.046160,0.184000,-0.002641,0.000000,0.280000,-0.020116,0.000000,0.233445,-0.972370,0.000000,0.131078,0.024265,0.852464,0.000000,0.429495,0.863350,0.000000,0.000000,0.033655,0.000000,0.500000,0.500000,0.000000,0.000000,0.000000,0.000000,0.000000,0.000000,0.000000,0.000000,0.000000,0.000000,-0.000000,-0.000000,-0.000000,-1.000000,0.750000,1,0.00,candidate,1783969814,1783969814
cand-12,ETH,long,1.311746,0.263637,0.276867,0.270263,0.143299,0.426667,0.661154,0.005608,0.804662,-0.026403,-0.450282,0.632439,0.037397,-0.333333,0.466066,0.000000,0.000000,1.000000,0.000000,0.000000,0.879747,0.044246,0.184000,0.002641,0.000000,0.280000,-0.020116,0.000000,0.220697,-0.975342,0.000000,1.220630,0.051207,0.751964,0.000000,0.470623,0.831638,0.627958,0.000000,0.041490,0.000000,0.500000,0.500000,0.000000,0.000000,0.000000,0.000000,0.000000,0.000000,0.000000,0.000000,0.000000,0.000000,0.000000,0.000000,0.000000,1.000000,0.875000,0,0.00,candidate,1783969814,1783969814
5f55d0e5-8212-4d61-ad54-8ca7b8f5a028,BTC,long,0.210609,0.557616,1.168467,0.425266,0.085287,0.280000,0.406222,0.001605,0.890562,0.000000,0.218747,0.477663,0.063966,-1.000000,0.347965,0.000000,0.000000,1.000000,0.000000,0.000000,0.653244,-0.267957,0.000000,0.002813,0.000000,0.220000,0.006230,0.000000,0.156434,0.987688,0.000000,0.377690,0.288035,1.467113,1.000000,0.822654,0.941414,0.000000,0.000000,0.103112,0.045232,0.022624,0.923744,-0.564578,0.009000,0.000000,0.000000,0.240000,0.055000,0.000000,0.000000,-0.233918,0.000000,0.000000,-0.515194,0.126840,1.000000,1.000000,1,0.00,live,1783990541,1783990541
f847b360-518c-4c1a-971c-f5ac28820015,BTC,long,-0.132567,0.913773,-0.009568,1.625566,0.082056,0.243333,0.581397,0.001602,0.844062,0.000000,0.197470,-0.577691,0.044597,-0.333333,0.345535,0.000000,0.000000,1.000000,0.000000,0.000000,0.954420,0.063706,0.020000,0.002916,0.000000,0.220000,0.009373,0.000000,0.728371,0.685183,0.000000,0.502801,0.181551,0.773850,1.000000,0.801942,0.923850,0.000000,0.000000,-0.008315,0.000000,0.002177,0.608795,-0.529919,0.022000,0.000000,0.000000,0.344000,0.010000,0.000000,0.000000,-0.241502,0.000000,0.000000,-0.673523,-0.088010,1.000000,0.750000,1,0.02,live,1784005721,1784005721
cand-104,BTC,short,0.510702,-1.088245,-1.909962,-0.027009,0.085804,0.283333,0.753410,0.001607,0.832467,-0.268429,-0.317136,2.640484,-0.066323,1.000000,0.347965,0.000000,0.000000,1.000000,0.000000,0.000000,1.000000,0.000000,0.000000,-0.003204,0.000000,0.220000,0.000000,0.000000,0.021815,0.999762,0.000000,-0.000000,-0.467570,0.853307,-1.000000,0.872298,0.766774,0.974526,1.000000,0.081693,0.000000,0.001367,0.987518,0.427676,0.016000,0.000000,0.000000,0.644000,0.000000,0.000000,0.000000,0.000000,0.184344,-0.000000,0.176211,0.347275,-1.000000,0.875000,0,0.00,candidate,1784016334,1784016334
cand-105,ETH,long,0.128372,1.654828,2.148393,0.221877,0.122872,0.320000,1.040536,0.073122,0.773084,0.000000,-0.565019,-0.251828,0.013353,-0.333333,0.467491,0.000000,0.000000,1.000000,0.000000,0.000000,0.967215,-0.018735,0.000000,0.003204,0.000000,0.220000,0.000000,0.000000,0.052336,0.998630,0.000000,0.000000,0.320820,0.724062,1.000000,0.904203,0.952496,0.000000,0.000000,0.094053,0.000000,0.006047,0.973476,-0.685750,0.002000,0.000000,0.000000,0.944000,0.000000,0.000000,0.000000,0.000000,0.000000,0.000000,0.521461,0.082857,1.000000,0.750000,1,0.00,candidate,1784016619,1784016619
cand-106,BTC,long,0.554068,1.527390,1.708209,0.310377,0.085750,0.283333,0.124718,0.001604,0.879796,0.000000,-0.419794,-0.168110,0.066110,-1.000000,0.347965,0.000000,0.000000,1.000000,0.000000,0.000000,0.967215,-0.018735,0.000000,0.003204,0.000000,0.220000,0.000000,0.000000,0.052336,0.998630,0.000000,0.857458,0.498061,1.163773,1.000000,0.931545,0.981706,0.000000,0.000000,0.084297,0.035785,0.006047,0.973476,-0.890250,0.013000,0.000000,0.000000,0.955000,0.000000,0.000000,0.000000,0.000000,0.000000,0.540146,0.367989,0.392053,1.000000,1.000000,1,0.00,candidate,1784016619,1784016619
cand-107,ETH,long,1.738154,2.345287,2.423419,0.552787,0.124310,0.330000,0.373418,0.039401,0.783404,0.000000,0.354569,2.956010,0.012970,-0.333333,0.467491,0.000000,0.000000,1.000000,0.000000,0.000000,0.984945,-0.000299,0.000000,0.003204,0.000000,0.220000,0.020626,0.000000,0.065403,0.997859,0.000000,0.038972,0.513710,1.013775,1.000000,0.924616,0.957657,0.000000,0.000000,0.143681,0.039084,0.007862,0.968033,-0.534448,0.003000,0.000000,0.000000,0.081000,0.000000,0.000000,0.000000,0.000000,0.000000,0.000000,-0.137715,0.628900,1.000000,0.875000,0,0.00,candidate,1784016913,1784016913
cand-108,BTC,long,1.799197,2.411056,2.056747,0.583279,0.086983,0.286667,-0.016400,0.001604,0.834985,0.000000,0.309665,3.660888,0.066555,-1.000000,0.347965,0.000000,0.000000,1.000000,0.000000,0.000000,0.984945,-0.000299,0.000000,0.003204,0.000000,0.220000,0.020626,0.000000,0.065403,0.997859,0.000000,-1.178088,0.714132,0.644407,1.000000,0.911003,0.970626,0.000000,0.000000,0.115441,0.056322,0.007862,0.968033,-0.312653,0.010000,0.000000,0.000000,0.101000,0.000000,0.000000,0.000000,0.000000,0.000000,0.000000,-0.130073,0.639344,1.000000,1.000000,0,0.00,candidate,1784016913,1784016913
cand-109,BTC,long,-1.233075,1.169439,1.330671,0.677327,0.087235,0.290000,0.622332,0.001606,0.845900,0.000000,0.377275,0.145713,0.066060,-1.000000,0.347965,0.000000,0.000000,1.000000,0.000000,0.000000,0.987905,0.000477,0.000000,0.002819,0.000000,0.220000,0.020626,0.000000,0.087156,0.996195,0.000000,-0.166208,0.287981,0.759037,1.000000,0.802427,0.934719,0.000000,0.000000,0.094822,0.025401,0.011629,0.956731,-0.756028,0.022000,0.000000,0.000000,0.906000,0.000000,0.000000,0.000000,0.000000,0.000000,0.000000,0.077559,-0.721505,1.000000,0.875000,1,0.00,candidate,1784017230,1784017230
cand-110,ETH,long,-0.969057,0.946602,1.682930,0.601927,0.124200,0.330000,0.092640,0.101259,0.698084,-0.160845,-0.694088,0.258705,0.011998,-0.333333,0.467491,0.000000,0.000000,1.000000,0.000000,0.000000,0.987881,0.000315,0.000000,0.002819,0.000000,0.220000,0.020626,0.000000,0.091502,0.995805,0.000000,-0.280778,0.249887,0.320553,1.000000,0.853235,0.917463,0.000000,0.000000,0.119768,0.014980,0.011989,0.955651,-0.607185,0.002000,0.000000,0.000000,0.126000,0.000000,0.000000,0.000000,0.000000,0.000000,0.000000,0.091768,-0.697068,1.000000,0.875000,0,0.00,candidate,1784017230,1784017230
cand-111,BTC,long,0.795477,0.530371,1.249270,0.578344,0.087277,0.290000,1.056426,0.001605,0.894669,0.000000,-0.246182,0.220005,0.064288,-1.000000,0.347965,0.000000,0.000000,1.000000,0.000000,0.000000,0.881944,-0.084461,0.000000,0.002819,0.000000,0.220000,-0.016531,0.000000,0.104528,0.994522,0.000000,-0.174312,0.287981,1.577478,1.000000,0.872492,0.957899,0.000000,0.000000,0.108637,0.039309,0.014524,0.948044,-0.818394,0.018000,0.000000,0.000000,0.205000,0.000000,0.000000,0.000000,0.000000,0.000000,0.000000,0.265029,0.381963,1.000000,1.000000,1,0.00,candidate,1784017514,1784017514
cand-112,BTC,long,-0.781169,0.259083,1.123876,0.424036,0.086207,0.283333,1.179738,0.001605,0.840059,0.000000,-0.056885,0.347243,0.064590,-1.000000,0.347965,0.000000,0.000000,1.000000,0.000000,0.000000,0.784117,-0.159530,0.000000,0.002819,0.000000,0.220000,-0.016531,0.000000,0.139173,0.990268,0.000000,1.140661,0.106936,0.724885,1.000000,0.804531,0.935415,0.000000,0.000000,0.094618,0.023391,0.019922,0.931852,-0.573991,0.018000,0.000000,0.000000,0.282000,0.000000,0.000000,0.000000,0.000000,0.000000,0.000000,0.330335,-0.425253,1.000000,0.875000,1,0.00,candidate,1784017841,1784017841
cand-113,ETH,long,-0.486160,0.352725,1.487297,0.569486,0.123769,0.330000,0.804317,0.045016,0.815101,0.000000,0.032066,0.236109,0.008859,-0.333333,0.467491,0.000000,0.000000,1.000000,0.000000,0.000000,0.784111,-0.160049,0.000000,0.002819,0.000000,0.220000,-0.016531,0.000000,0.143493,0.989651,0.000000,0.097649,0.054709,1.834029,1.000000,0.877919,0.931373,0.000000,0.000000,0.128043,0.023315,0.020281,0.930774,-0.621399,0.011000,0.000000,0.000000,0.066000,0.000000,0.000000,0.000000,0.000000,0.000000,0.000000,0.460605,-0.321321,1.000000,1.000000,0,0.00,candidate,1784017841,1784017841
cand-114,BTC,long,0.210609,0.557616,1.168467,0.425266,0.085287,0.280000,0.406222,0.001605,0.890562,0.000000,0.218747,0.477663,0.063966,-1.000000,0.347965,0.000000,0.000000,1.000000,0.000000,0.000000,0.653244,-0.267957,0.000000,0.002813,0.000000,0.220000,0.006230,0.000000,0.156434,0.987688,0.000000,0.377690,0.288035,1.467113,1.000000,0.822654,0.941414,0.000000,0.000000,0.103112,0.045232,0.022624,0.923744,-0.564578,0.009000,0.000000,0.000000,0.240000,0.055000,0.000000,0.000000,-0.233918,0.000000,0.000000,-0.515194,0.126840,1.000000,1.000000,1,0.00,candidate,1784018125,1784018125
cand-115,BTC,short,-0.210609,-0.557616,-1.168467,-0.425266,0.085287,0.280000,0.776395,0.001605,0.859246,-0.000324,-0.344742,0.477663,-0.063839,1.000000,0.347965,0.000000,0.000000,1.000000,0.000000,0.000000,0.650746,-0.272073,0.000000,-0.002813,0.000000,0.220000,0.006230,0.000000,0.165048,0.986286,0.000000,1.182616,-0.288035,0.917177,-1.000000,0.822654,0.728238,0.890873,1.000000,0.103112,0.045232,0.023703,0.920508,0.460554,0.010000,0.000000,0.000000,0.307000,0.047000,0.000000,0.000000,-0.233918,0.000000,-0.000000,0.515194,-0.126840,-1.000000,1.000000,0,0.00,candidate,1784018125,1784018125
cand-116,ETH,long,1.087796,0.948120,1.758723,0.760851,0.124024,0.330000,0.371247,0.078714,0.792471,0.000000,0.314135,1.953351,0.007855,-0.333333,0.467491,0.000000,0.000000,1.000000,0.000000,0.000000,0.650014,-0.273327,0.000000,0.002813,0.000000,0.220000,0.006230,0.000000,0.165048,0.986286,0.000000,0.434135,0.116492,1.329015,1.000000,0.908861,0.946071,0.000000,0.000000,0.161450,0.052042,0.024063,0.919429,-0.410271,0.005000,0.000000,0.000000,0.269000,0.000000,0.000000,0.000000,-0.233918,0.000000,1.000000,-0.297521,0.454545,1.000000,0.875000,0,0.00,candidate,1784018125,1784018125
cand-117,ETH,long,-0.198851,0.812913,1.731365,0.712638,0.124316,0.330000,1.093004,0.005619,0.776670,0.000000,-0.293659,-0.049785,0.007630,-0.333333,0.467491,0.000000,0.000000,1.000000,0.000000,0.000000,0.659609,-0.264739,0.000000,0.002813,0.000000,0.220000,0.006230,0.000000,0.173648,0.984808,0.000000,0.721757,0.031127,1.061823,1.000000,0.894937,0.937817,0.000000,0.000000,0.156545,0.047085,0.025503,0.915110,-0.443704,0.003000,0.000000,0.000000,0.850000,0.003000,0.000000,0.000000,-0.233918,0.000000,0.000000,-0.369377,-0.112565,1.000000,0.875000,0,0.00,candidate,1784018410,1784018410
cand-118,ETH,long,0.684337,0.557144,1.064308,1.014633,0.124015,0.330000,0.077288,0.084241,0.782581,0.000000,-0.333214,-0.731975,0.006861,-0.333333,0.467491,0.000000,0.000000,1.000000,0.000000,0.000000,0.880320,-0.054306,0.000000,0.002522,0.000000,0.220000,-0.003129,0.000000,0.224951,0.974370,0.000000,-0.082887,0.010425,1.024623,1.000000,0.904747,0.943633,0.000000,0.000000,0.160001,0.050577,0.033551,0.890966,-0.533239,0.008000,0.000000,0.000000,0.641000,0.000000,0.000000,0.000000,-0.233918,0.000000,0.629167,-0.063744,0.747525,1.000000,0.750000,0,0.00,candidate,1784019003,1784019003
cand-119,BTC,long,1.238840,0.049861,0.880356,0.761598,0.085358,0.280000,0.616038,0.001604,0.869010,-0.025998,-0.307897,-0.466435,0.063253,-1.000000,0.347965,0.000000,0.000000,1.000000,0.000000,0.000000,0.880469,-0.055479,0.000000,0.002522,0.000000,0.220000,-0.003129,0.000000,0.233445,0.972370,0.000000,1.015008,0.169245,1.082064,1.000000,0.812945,0.938201,0.000000,0.000000,0.101197,0.052267,0.034991,0.886643,-0.560445,0.015000,0.000000,0.000000,0.000000,0.037000,0.000000,0.000000,-0.233918,0.000000,0.680785,-0.015540,0.874005,1.000000,0.875000,1,0.00,candidate,1784019003,1784019003
cand-120,BTC,long,1.089377,0.162024,0.498735,0.740482,0.085201,0.280000,0.922274,0.001598,0.852924,-3.048043,-3.697100,-0.596931,0.063210,-1.000000,0.347965,0.000000,0.000000,1.000000,0.000000,0.000000,0.830536,-0.033415,0.000000,0.002522,0.000000,0.220000,-0.004065,0.000000,0.237686,0.971342,0.000000,0.306236,0.238641,0.850090,1.000000,0.906634,0.969182,0.000000,0.000000,0.119658,0.079868,0.035720,0.884457,-0.290719,0.025000,0.000000,0.000000,0.406000,0.065000,0.000000,0.000000,-0.233918,0.000000,0.000000,0.047666,0.780323,1.000000,0.875000,1,0.00,candidate,1784019333,1784019333
cand-121,ETH,long,1.384704,0.787983,1.064401,1.109795,0.123638,0.330000,0.072208,0.005608,0.817303,0.000000,-0.151051,0.687866,0.007814,-0.333333,0.467491,0.000000,0.000000,1.000000,0.000000,0.000000,0.829087,-0.036317,0.000000,0.002522,0.000000,0.220000,-0.004065,0.000000,0.246153,0.969231,0.000000,-0.623194,0.033814,1.562230,1.000000,0.990918,0.994579,0.000000,0.000000,0.310867,0.133467,0.036803,0.881207,-0.745292,0.005000,0.000000,0.000000,0.951000,0.000000,0.000000,0.000000,-0.233918,0.000000,0.000000,0.001851,0.830601,1.000000,1.000000,0,0.00,candidate,1784019333,1784019333
cand-122,ETH,long,0.984752,1.385176,1.228255,1.224271,0.124080,0.330000,1.012005,0.072882,0.818759,0.000000,-0.079411,4.500731,0.007291,-0.333333,0.467491,0.000000,0.000000,1.000000,0.000000,0.000000,0.880690,0.002601,0.000000,0.002522,0.000000,0.220000,-0.004065,0.000000,0.258819,0.965926,0.000000,0.527255,0.281573,1.517665,1.000000,0.906217,0.934649,0.000000,0.000000,0.204223,0.117271,0.038964,0.874727,-0.549120,0.012000,0.000000,0.000000,0.000000,0.000000,0.000000,0.000000,-0.233918,0.000000,0.000000,-0.321895,0.356209,1.000000,1.000000,0,0.00,candidate,1784019604,1784019604
cand-123,BTC,long,2.075486,1.322388,1.116751,0.918497,0.086927,0.283333,1.047039,0.001600,0.878290,0.000000,-0.258432,5.000000,0.062493,-1.000000,0.347965,0.000000,0.000000,1.000000,0.000000,0.000000,0.880690,0.002601,0.000000,0.002522,0.000000,0.220000,-0.004065,0.000000,0.258819,0.965926,0.000000,0.917404,0.421001,1.182315,1.000000,0.840200,0.931758,0.000000,0.000000,0.157432,0.049866,0.038964,0.874727,-0.282451,0.008000,0.000000,0.000000,0.932000,0.048000,0.000000,0.000000,-0.233918,0.000000,0.000000,-0.244993,0.439205,1.000000,0.875000,0,0.00,candidate,1784019604,1784019604
cand-124,ETH,short,-0.984752,-1.385176,-1.228255,-1.224271,0.124080,0.330000,0.835210,0.078500,0.774382,0.000000,0.157491,4.500731,-0.006367,0.333333,0.464694,0.000000,0.000000,1.000000,0.000000,0.000000,0.881077,-0.000078,0.012000,-0.002522,0.000000,0.220000,-0.004065,0.000000,0.275637,0.961262,0.000000,1.905428,-0.281573,0.771513,-1.000000,0.906217,0.368519,0.931474,0.000000,0.204223,0.117271,0.042275,0.864793,0.288686,0.014000,0.000000,0.000000,0.000000,0.000000,0.000000,0.000000,-0.233918,0.000000,-0.000000,0.321895,-0.356209,-1.000000,1.000000,0,0.00,candidate,1784019604,1784019604
cand-125,BTC,long,-1.248479,0.734165,0.907808,0.801385,0.086520,0.283333,0.836028,0.001602,0.866137,0.000000,0.004713,0.711553,0.060741,-1.000000,0.346331,0.000000,0.000000,0.000000,1.000000,0.000000,0.904313,0.023235,0.012000,0.002817,0.000000,0.220000,0.020583,0.000000,0.288196,0.957571,0.000000,-0.211011,0.219968,0.992396,1.000000,0.755930,0.895659,0.000000,0.000000,0.135987,0.028220,0.001928,0.860086,-0.369082,0.023000,0.000000,0.000000,0.100000,0.048000,0.000000,0.000000,-0.233918,0.000000,0.000000,-0.037755,-0.597874,1.000000,0.875000,0,0.00,candidate,1784019914,1784019914
cand-126,ETH,long,0.136045,0.863781,1.188962,1.479984,0.123594,0.330000,1.028014,0.005607,0.837313,0.000000,-0.218762,-0.385553,0.005396,-0.333333,0.464694,0.000000,0.000000,1.000000,0.000000,0.000000,0.904679,0.019988,0.012000,0.002817,0.000000,0.220000,0.020583,0.000000,0.309017,0.951057,0.000000,1.863224,0.228984,1.852548,1.000000,0.882637,0.918177,0.000000,0.000000,0.194460,0.107354,0.047465,0.849223,-0.490413,0.015000,0.000000,0.000000,0.000000,0.000000,0.000000,0.000000,-0.233918,0.000000,0.000000,-0.126232,0.113139,1.000000,0.750000,0,0.00,candidate,1784020226,1784020226
cand-127,BTC,long,0.411795,1.083190,0.870049,1.027057,0.086303,0.283333,1.154344,0.001602,0.841629,0.000000,-0.056086,-0.071759,0.059812,-1.000000,0.346331,0.000000,0.000000,0.000000,1.000000,0.000000,0.904679,0.019988,0.012000,0.002817,0.000000,0.220000,0.020583,0.000000,0.309017,0.951057,0.000000,0.318316,0.261503,0.687117,1.000000,0.783645,0.907540,0.000000,0.000000,0.143045,0.035339,0.005549,0.849223,-0.470434,0.022000,0.000000,0.000000,0.071000,0.037000,0.000000,0.000000,-0.233918,0.000000,0.000000,-0.071400,0.370000,1.000000,0.875000,0,0.00,candidate,1784020226,1784020226
cand-128,BTC,long,-0.051860,1.426734,0.331129,1.049385,0.086420,0.283333,1.171645,0.001602,0.834209,0.000000,-0.055517,-0.283496,0.059031,-1.000000,0.346331,0.000000,0.000000,0.000000,1.000000,0.000000,0.856988,-0.027505,0.012000,0.002817,0.000000,0.220000,0.020583,0.000000,0.317305,0.948324,0.000000,0.442855,0.357531,0.622337,1.000000,0.780150,0.906042,0.000000,0.000000,0.142155,0.023064,0.007351,0.843819,-0.492088,0.012000,0.000000,0.000000,0.227000,0.033000,0.000000,0.000000,-0.233918,0.000000,0.000000,0.461187,-0.045234,1.000000,0.750000,0,0.00,candidate,1784020529,1784020529
cand-129,ETH,long,0.231256,1.181139,0.751144,1.487715,0.123577,0.326667,0.266260,0.005607,0.794766,0.000000,0.004730,-0.557419,0.004428,-0.333333,0.464694,0.000000,0.000000,1.000000,0.000000,0.000000,0.856988,-0.027505,0.012000,0.002817,0.000000,0.220000,0.020583,0.000000,0.317305,0.948324,0.000000,-0.761127,0.302017,0.978596,1.000000,0.896302,0.927725,0.000000,0.000000,0.200120,0.113101,0.049266,0.843819,-0.484768,0.015000,0.000000,0.000000,0.000000,0.000000,0.000000,0.000000,-0.233918,0.000000,0.000000,0.388131,0.241706,1.000000,0.750000,0,0.00,candidate,1784020529,1784020529
cand-130,BTC,long,1.209253,1.416945,1.036608,1.235027,0.086787,0.283333,0.317908,0.001600,0.876524,-0.035797,-0.322174,0.779182,0.057848,-1.000000,0.346331,0.000000,0.000000,0.000000,1.000000,0.000000,0.862085,-0.026568,0.012000,0.002885,0.000000,0.220000,-0.017439,0.000000,0.350207,0.936672,0.000000,-0.897313,0.448434,1.196375,1.000000,0.862047,0.941105,0.000000,0.000000,0.162984,0.044088,0.012517,0.828319,-0.751812,0.007000,0.000000,0.000000,0.859000,0.026000,0.000000,0.000000,-0.233918,0.000000,1.000000,-0.057068,0.570312,1.000000,0.875000,0,0.00,candidate,1784020805,1784020805
cand-131,ETH,long,1.413279,1.471989,1.433686,1.713823,0.124371,0.330000,0.993248,0.005596,0.790030,0.000000,-0.238901,0.681719,0.003499,-0.333333,0.464694,0.000000,0.000000,1.000000,0.000000,0.000000,0.862287,-0.026599,0.012000,0.002885,0.000000,0.220000,-0.017439,0.000000,0.350207,0.936672,0.000000,0.726987,0.301218,0.905468,1.000000,0.976254,0.983408,0.000000,0.000000,0.234034,0.186968,0.054792,0.827243,-0.416762,0.011000,0.000000,0.000000,0.310000,0.000000,0.000000,0.000000,-0.237727,0.000000,0.000000,0.048658,0.566004,1.000000,1.000000,0,0.00,candidate,1784020805,1784020805
cand-132,ETH,long,1.651665,1.576131,1.663425,1.933564,0.125498,0.330000,1.070624,0.039060,0.818150,-0.477465,-1.205426,3.395280,0.003585,-0.333333,0.464694,0.000000,0.000000,1.000000,0.000000,0.000000,0.869497,-0.009839,0.012000,0.002885,0.000000,0.220000,0.012364,0.000000,0.362438,0.932008,0.000000,0.129311,0.291034,1.334245,1.000000,0.990415,0.992744,0.000000,0.000000,0.278765,0.228926,0.056603,0.821809,-0.513099,0.007000,0.000000,0.000000,0.900000,0.005000,0.000000,0.000000,-0.237727,0.000000,0.000000,0.130871,0.573190,1.000000,1.000000,0,0.00,candidate,1784021137,1784021137
cand-133,BTC,long,0.949546,1.365322,1.077598,1.442755,0.087023,0.286667,0.473025,0.001598,0.829066,-0.099303,-0.493917,-0.016434,0.057123,-1.000000,0.346331,0.000000,0.000000,0.000000,1.000000,0.000000,0.869497,-0.009839,0.012000,0.002885,0.000000,0.220000,0.012364,0.000000,0.362438,0.932008,0.000000,0.155117,0.484512,0.581223,1.000000,0.926592,0.968686,0.000000,0.000000,0.179369,0.106330,0.014687,0.821809,-0.526783,0.021000,0.000000,0.000000,0.374000,0.026000,0.000000,0.000000,-0.237727,0.000000,0.000000,0.156360,0.400621,1.000000,1.000000,0,0.00,candidate,1784021137,1784021137
cand-134,BTC,long,-1.717005,-0.187225,0.792293,1.294561,0.087904,0.293333,1.055569,0.001601,0.818276,0.000000,0.198292,0.134119,0.056254,-1.000000,0.346331,0.000000,0.000000,0.000000,1.000000,0.000000,0.961189,0.084567,0.012000,0.002885,0.000000,0.220000,0.012364,0.000000,0.382683,0.923880,0.000000,0.687942,0.086786,0.510429,1.000000,0.808739,0.918290,0.000000,0.000000,0.149431,0.076006,0.018290,0.811001,-0.432714,0.004000,0.000000,0.000000,0.350000,0.031000,0.000000,0.000000,-0.237727,0.000000,-0.916667,0.008519,-0.640487,1.000000,1.000000,0,0.00,candidate,1784021414,1784021414
cand-135,ETH,short,2.156059,-0.277241,-1.147024,-1.728706,0.127796,0.340000,0.306183,0.044828,0.810659,0.000000,-0.411709,2.693952,-0.003675,0.333333,0.464694,0.000000,0.000000,1.000000,0.000000,0.000000,0.961193,0.084370,0.012000,-0.002885,0.000000,0.220000,0.012364,0.000000,0.386711,0.922201,0.000000,0.329795,0.040313,1.192435,-1.000000,0.834198,0.340150,0.902618,0.000000,0.237803,0.052410,0.060565,0.809923,0.324901,0.007000,0.000000,0.000000,0.000000,0.000000,0.000000,0.000000,-0.237727,0.000000,-0.000000,0.041214,0.592771,-1.000000,1.000000,0,0.00,candidate,1784021414,1784021414
cand-136,ETH,long,-0.391103,-0.035887,0.566627,1.894978,0.127515,0.340000,0.602035,0.005612,0.811854,0.000000,0.114816,0.168995,0.002782,-0.333333,0.464694,0.000000,0.000000,1.000000,0.000000,0.000000,0.895518,0.025812,0.012000,0.002817,0.000000,0.220000,-0.010840,0.000000,0.430511,0.902585,0.000000,0.908217,0.017765,1.203064,1.000000,0.765875,0.819521,0.000000,0.000000,0.208672,0.133044,0.068262,0.786831,-0.395514,0.009000,0.000000,0.000000,0.252000,0.000000,0.000000,0.000000,-0.237727,0.000000,0.000000,0.147296,-0.250712,1.000000,0.875000,0,0.00,candidate,1784022031,1784022031
cand-137,BTC,long,0.234565,-0.482279,0.662261,1.311832,0.086670,0.283333,0.325770,0.001603,0.854595,0.182011,0.402029,-0.334899,0.054515,-1.000000,0.346331,0.000000,0.000000,0.000000,1.000000,0.000000,0.898517,0.025451,0.012000,0.002657,0.000000,0.220000,0.010422,0.000000,0.465615,0.884988,0.000000,-0.844353,-0.211634,0.957345,1.000000,0.782147,0.906898,0.000000,0.000000,0.142664,0.069164,0.032493,0.768393,-0.539082,0.011000,0.000000,0.000000,0.000000,0.016000,0.000000,0.000000,-0.237727,0.000000,0.000000,-0.173168,0.241843,1.000000,0.750000,0,0.00,candidate,1784022607,1784022607
cand-138,BTC,long,0.421029,-0.707418,0.477811,1.248311,0.085901,0.283333,0.317588,0.001601,0.853570,0.000000,-0.034006,-0.390620,0.053573,-1.000000,0.346331,0.000000,0.000000,0.000000,1.000000,0.000000,0.711635,-0.161073,0.012000,0.002657,0.000000,0.220000,-0.005125,0.000000,0.484810,0.874620,0.000000,-0.008182,-0.423959,0.906928,1.000000,0.810362,0.918986,0.000000,0.000000,0.183865,0.065004,0.035875,0.758246,-0.559289,0.014000,0.000000,0.000000,0.426000,0.014000,0.000000,0.000000,-0.237727,0.000000,0.000000,0.188396,0.313019,1.000000,0.750000,0,0.00,candidate,1784022934,1784022934
cand-139,ETH,long,-0.076065,-0.514737,-0.163989,1.503630,0.125274,0.330000,0.231181,0.033675,0.784569,0.000000,-0.094821,-0.798149,0.003610,-0.333333,0.464694,0.000000,0.000000,1.000000,0.000000,0.000000,0.648218,-0.226003,0.012000,0.002657,0.000000,0.220000,-0.005125,0.000000,0.507538,0.861629,0.000000,0.213065,0.014879,0.701008,1.000000,0.743823,0.815951,0.000000,0.000000,0.315872,0.108775,0.082479,0.744180,-0.460018,0.010000,0.000000,0.000000,0.469000,0.000000,0.000000,0.000000,-0.237727,0.000000,0.000000,-0.371094,-0.151786,1.000000,0.750000,0,0.00,candidate,1784023231,1784023231
cand-140,BTC,long,0.150012,0.071195,-0.086052,1.285531,0.085322,0.280000,0.634753,0.001602,0.877150,0.000000,-0.010694,-0.488390,0.053740,-1.000000,0.346331,0.000000,0.000000,0.000000,1.000000,0.000000,0.648218,-0.226003,0.012000,0.002657,0.000000,0.220000,-0.005125,0.000000,0.507538,0.861629,0.000000,-0.404359,-0.157951,1.408414,1.000000,0.820350,0.923262,0.000000,0.000000,0.186401,0.056163,0.040564,0.744180,-0.560459,0.013000,0.000000,0.000000,0.271000,0.022000,0.000000,0.000000,-0.237727,0.000000,0.000000,-0.081632,0.164969,1.000000,0.750000,0,0.00,candidate,1784023231,1784023231
cand-141,ETH,long,0.460844,-0.013035,0.121177,1.421488,0.122818,0.320000,1.048417,0.005607,0.816013,0.000000,0.028192,0.422803,0.004117,-0.333333,0.464145,0.000000,0.000000,1.000000,0.000000,0.000000,0.515664,-0.357182,0.024000,0.002657,0.000000,0.220000,-0.005125,0.000000,0.518773,0.854912,0.000000,-0.014666,0.021759,1.076256,1.000000,0.770091,0.834917,0.000000,0.000000,0.327010,0.120160,0.084370,0.738509,-0.543574,0.018000,0.000000,0.000000,0.000000,0.000000,0.000000,0.000000,-0.237727,0.000000,1.000000,0.274376,0.244552,1.000000,1.000000,0,0.00,candidate,1784023531,1784023531
cand-142,BTC,long,0.052792,0.104691,0.296208,1.040817,0.084850,0.273333,0.996460,0.001600,0.841897,-0.007220,-0.264720,-0.400628,0.053976,-0.333333,0.345558,0.000000,0.000000,0.000000,1.000000,0.000000,0.516219,-0.356781,0.024000,0.002657,0.000000,0.220000,-0.005125,0.000000,0.522499,0.852640,0.000000,0.618264,-0.003922,0.833872,1.000000,0.823845,0.924759,0.000000,0.000000,0.187288,0.057061,0.042813,0.737432,-0.520179,0.007000,0.000000,0.000000,0.826000,0.016000,0.000000,0.000000,-0.237727,0.000000,0.000000,0.522574,0.040115,1.000000,0.750000,0,0.00,candidate,1784023531,1784023531
cand-143,ETH,long,0.089462,0.194191,0.110117,1.473406,0.118977,0.293333,1.096737,0.005611,0.821903,0.000000,0.537502,-0.017280,0.005041,-0.333333,0.464145,0.000000,0.000000,1.000000,0.000000,0.000000,0.337940,-0.533225,0.024000,0.002852,0.000000,0.220000,0.012977,0.000000,0.544639,0.838671,0.000000,0.048319,0.102686,1.162334,1.000000,0.775033,0.838482,0.000000,0.000000,0.329104,0.100211,0.089200,0.724018,-0.294500,0.014000,0.000000,0.000000,0.000000,0.000000,0.000000,0.000000,-0.237727,0.000000,0.000000,-0.677500,0.050000,1.000000,0.875000,0,0.00,candidate,1784023817,1784023817
cand-144,ETH,short,1.195729,0.758191,1.054631,-0.925527,0.117825,0.280000,0.992918,0.005619,0.734123,0.000000,0.060707,0.363325,-0.004507,0.333333,0.464145,0.000000,0.000000,1.000000,0.000000,0.000000,0.846267,-0.025273,0.024000,-0.002852,0.000000,0.220000,0.014315,0.000000,0.584250,0.811574,0.000000,1.403710,0.056677,0.313231,-1.000000,0.649155,0.532666,0.794324,0.000000,-0.052968,0.000000,0.096587,0.701855,-0.497535,0.013000,0.000000,0.000000,0.843000,0.000000,0.000000,0.000000,-0.237727,0.000000,-0.000000,0.022639,0.544276,-1.000000,0.875000,0,0.00,candidate,1784024430,1784024430
cand-145,BTC,long,-0.639699,-0.275964,-0.547643,0.721346,0.083846,0.260000,0.184844,0.001604,0.867566,0.000000,0.190493,-0.393946,0.053791,-0.333333,0.345558,0.000000,0.000000,0.000000,1.000000,0.000000,0.846559,-0.025117,0.024000,0.002852,0.000000,0.220000,0.014315,0.000000,0.584250,0.811574,0.000000,-0.478241,-0.218823,1.229844,1.000000,0.737953,0.887948,0.000000,0.000000,-0.027504,0.000000,0.055031,0.700777,-0.051554,0.018000,0.000000,0.000000,0.000000,0.019000,0.000000,0.000000,-0.237727,0.000000,0.000000,0.002142,-0.395981,1.000000,0.750000,0,0.00,candidate,1784024430,1784024430
cand-146,ETH,short,1.080954,1.180715,1.871785,-0.882827,0.118032,0.280000,0.601742,0.005627,0.772658,0.000000,-0.331459,0.680366,-0.004062,0.333333,0.464145,0.000000,0.000000,1.000000,0.000000,0.000000,0.914074,0.038614,0.024000,-0.002852,0.000000,0.220000,0.014315,0.000000,0.591310,0.806445,0.000000,-0.291118,0.214473,0.572416,-1.000000,0.590117,0.574625,0.836618,0.000000,-0.078570,0.000000,0.098026,0.697539,0.295330,0.011000,0.000000,0.000000,0.186000,0.000000,0.000000,0.000000,-0.237727,0.000000,-0.000000,0.064145,0.743421,-1.000000,0.750000,0,0.00,candidate,1784024716,1784024716
cand-147,BTC,long,-0.411223,-1.279620,-0.853361,0.584931,0.083458,0.253333,1.035115,0.001604,0.906801,0.000000,-0.324326,0.500921,0.051793,-0.333333,0.345558,0.000000,0.000000,0.000000,1.000000,0.000000,0.921926,0.045311,0.024000,0.002852,0.000000,0.220000,-0.014137,0.000000,0.608761,0.793353,0.000000,0.356977,-0.385281,2.074437,1.000000,0.616479,0.835750,0.973641,1.000000,-0.058761,0.000000,0.060092,0.685594,-0.654793,0.012000,0.000000,0.000000,0.195000,0.013000,0.000000,0.000000,-0.241502,0.000000,0.000000,0.438712,-0.266089,1.000000,0.750000,1,0.00,candidate,1784025003,1784025003
cand-148,ETH,short,-0.203789,1.510433,1.078038,-1.103734,0.113199,0.263333,0.453747,0.005627,0.801024,0.000000,0.156992,0.031898,-0.005860,0.333333,0.464145,0.000000,0.000000,1.000000,0.000000,0.000000,0.821209,-0.053685,0.024000,-0.002852,0.000000,0.220000,-0.014137,0.000000,0.629320,0.777146,0.000000,-0.288071,0.186384,1.004097,0.000000,0.576073,0.584623,0.846695,0.000000,0.129212,0.000000,0.105965,0.673722,0.449940,0.015000,0.000000,0.000000,0.250000,0.000000,0.000000,0.000000,-0.241502,0.000000,-0.000000,0.728721,-0.142857,-1.000000,0.750000,0,0.00,candidate,1784025330,1784025330
cand-149,BTC,long,0.970719,-0.926909,-0.578908,0.926748,0.082091,0.243333,1.149764,0.001603,0.921328,0.000000,-0.169914,0.106732,0.051054,-0.333333,0.345558,0.000000,0.000000,0.000000,1.000000,0.000000,0.818989,-0.056258,0.024000,0.002910,0.000000,0.220000,0.015990,0.000000,0.636078,0.771625,0.000000,0.114649,-0.418812,2.534711,0.000000,0.678527,0.862432,0.967919,1.000000,-0.042783,0.000000,0.065253,0.670113,-0.760935,0.017000,0.000000,0.000000,0.000000,0.007000,0.000000,0.000000,-0.241502,0.000000,1.000000,-0.150121,0.612546,1.000000,0.750000,1,0.00,candidate,1784025330,1784025330
d88a3b30-db2d-498e-a33c-9cdd491acbc7,ETH,long,-0.486160,0.352725,1.487297,0.569486,0.123769,0.330000,1.069883,0.095481,0.801388,-1.032839,-1.523589,0.236109,0.008921,-0.333333,0.467491,0.000000,0.000000,1.000000,0.000000,0.000000,0.784101,-0.161054,0.000000,0.002819,0.000000,0.220000,-0.016531,0.000000,0.147809,0.989016,0.000000,1.082719,0.054709,1.427802,1.000000,0.877919,0.931373,0.000000,0.000000,0.128043,0.023315,0.021001,0.928615,-0.541703,0.006000,0.000000,0.000000,0.861000,0.000000,0.000000,0.000000,0.000000,0.000000,0.000000,0.460605,-0.321321,1.000000,1.000000,1,0.02,live,1784025498,1784025498
cand-150,ETH,long,1.986398,-0.734540,-0.375386,1.396012,0.113443,0.263333,1.061200,0.005617,0.843482,0.000000,-0.522771,-0.102215,0.006005,-0.333333,0.464145,0.000000,0.000000,1.000000,0.000000,0.000000,0.959759,0.072830,0.024000,0.002910,0.000000,0.220000,0.015990,0.000000,0.642788,0.766044,0.000000,1.657628,-0.090044,1.886458,0.000000,0.680364,0.770045,0.948639,0.000000,0.189278,0.000861,0.108604,0.665806,-0.348143,0.016000,0.000000,0.000000,0.903000,0.000000,0.000000,0.000000,-0.241502,0.000000,0.000000,-0.000913,0.934732,1.000000,0.750000,1,0.00,candidate,1784025614,1784025614
bf3dd13a-d4d9-457d-85af-1b2a8be29064,ETH,long,0.136045,0.863781,1.188962,1.479984,0.123594,0.330000,1.028014,0.005607,0.837313,0.000000,-0.218762,-0.385553,0.005396,-0.333333,0.464694,0.000000,0.000000,1.000000,0.000000,0.000000,0.904679,0.019988,0.012000,0.002817,0.000000,0.220000,0.020583,0.000000,0.309017,0.951057,0.000000,1.863224,0.228984,1.852548,1.000000,0.882637,0.918177,0.000000,0.000000,0.194460,0.107354,0.047465,0.849223,-0.490413,0.015000,0.000000,0.000000,0.000000,0.000000,0.000000,0.000000,-0.233918,0.000000,0.000000,-0.126232,0.113139,1.000000,0.750000,1,0.02,live,1784025668,1784025668
cand-151,BTC,long,1.188998,0.661096,0.528192,1.468225,0.082185,0.243333,0.400834,0.001599,0.875369,0.000000,-0.192597,0.268993,0.050868,-0.333333,0.345558,0.000000,0.000000,0.000000,1.000000,0.000000,0.967280,0.076552,0.024000,0.002910,0.000000,0.220000,0.015990,0.000000,0.659346,0.751840,0.000000,-0.748930,0.084101,1.181393,1.000000,0.883645,0.950339,0.000000,0.000000,0.007549,0.000000,0.069947,0.656029,-0.394825,0.014000,0.000000,0.000000,0.764000,0.008000,0.000000,0.000000,-0.241502,0.000000,0.000000,-0.055362,0.763454,1.000000,0.750000,0,0.00,candidate,1784025919,1784025919
cand-152,BTC,long,-1.300574,1.073184,0.005061,1.514143,0.082135,0.243333,0.634896,0.001601,0.844821,0.000000,-0.004943,-0.404456,0.047435,-0.333333,0.345558,0.000000,0.000000,0.000000,1.000000,0.000000,0.978664,0.088055,0.024000,0.003002,0.000000,0.220000,0.025263,0.000000,0.691513,0.722364,0.000000,-0.320615,0.158476,0.826927,1.000000,0.811486,0.919467,0.000000,0.000000,-0.010940,0.000000,0.077268,0.634066,-0.353861,0.013000,0.000000,0.000000,0.673000,0.009000,0.000000,0.000000,-0.241502,0.000000,-1.000000,-0.045344,-0.787059,1.000000,0.750000,0,0.00,candidate,1784026503,1784026503
cand-153,BTC,long,0.292662,1.365359,0.044493,1.748828,0.081996,0.243333,1.266603,0.001600,0.867596,-0.336424,-0.481827,-0.623004,0.046461,-0.333333,0.345558,0.000000,0.000000,0.000000,1.000000,0.000000,0.978731,0.087019,0.024000,0.003002,0.000000,0.220000,-0.004072,0.000000,0.710185,0.704015,0.000000,0.483621,0.257393,1.163671,1.000000,0.830212,0.927484,0.984804,1.000000,-0.006139,0.000000,0.081618,0.621016,-0.479633,0.015000,0.000000,0.000000,0.921000,0.009000,0.000000,0.000000,-0.241502,0.000000,0.000000,-0.289280,0.397333,1.000000,0.750000,0,0.00,candidate,1784026805,1784026805
cand-154,BTC,long,-0.132567,0.913773,-0.009568,1.625566,0.082056,0.243333,0.581397,0.001602,0.844062,0.000000,0.197470,-0.577691,0.044597,-0.333333,0.345535,0.000000,0.000000,1.000000,0.000000,0.000000,0.954420,0.063706,0.020000,0.002916,0.000000,0.220000,0.009373,0.000000,0.728371,0.685183,0.000000,0.502801,0.181551,0.773850,1.000000,0.801942,0.923850,0.000000,0.000000,-0.008315,0.000000,0.002177,0.608795,-0.529919,0.022000,0.000000,0.000000,0.344000,0.010000,0.000000,0.000000,-0.241502,0.000000,0.000000,-0.673523,-0.088010,1.000000,0.750000,0,0.00,candidate,1784027125,1784027125
cand-155,ETH,short,2.092060,1.739742,1.020205,-1.052024,0.115621,0.266667,0.104063,0.005637,0.818879,0.000000,-0.455292,0.231451,-0.004227,0.333333,0.465718,0.000000,0.000000,1.000000,0.000000,0.000000,0.963629,0.070295,0.020000,-0.002916,0.000000,0.220000,-0.019182,0.000000,0.757565,0.652760,0.000000,1.218227,0.313321,1.715069,0.000000,0.452774,0.716520,0.883135,1.000000,-0.096120,0.000000,0.134589,0.587850,0.340893,0.012000,0.000000,0.000000,0.786000,0.000000,0.000000,0.000000,-0.245350,0.000000,-0.000000,-0.012803,0.884774,-1.000000,0.750000,0,0.00,candidate,1784027726,1784027726
cand-156,BTC,short,1.782365,1.539860,0.626350,-0.935082,0.083068,0.246667,0.440255,0.001605,0.761367,0.000000,-0.170542,0.362641,-0.041625,0.333333,0.345535,0.000000,0.000000,1.000000,0.000000,0.000000,0.963757,0.070365,0.020000,-0.002916,0.000000,0.220000,-0.019182,0.000000,0.760406,0.649448,0.000000,1.021652,0.492716,0.229292,-1.000000,0.541429,0.817678,0.888902,1.000000,-0.055190,0.000000,0.009518,0.586773,0.536890,0.008000,0.000000,0.000000,0.348000,0.001000,0.000000,0.000000,-0.245350,0.000000,-0.000000,-0.039881,0.692943,-1.000000,0.750000,0,0.00,candidate,1784027726,1784027726
0e83f65e-57d4-488e-84f6-5027371f58cd,BTC,long,3.080649,0.287943,0.982530,0.363953,0.068274,0.170000,1.034818,0.001595,0.872392,0.000000,-0.247112,0.251005,0.028903,-0.333333,0.345222,0.000000,0.000000,1.000000,0.000000,0.000000,0.945680,0.117731,0.024000,0.003940,0.000000,0.220000,-0.008409,0.000000,0.342020,-0.939693,0.000000,0.000000,0.143470,1.071213,1.000000,0.857642,0.976194,0.000000,0.000000,0.011668,0.000000,0.122136,0.665288,-0.635681,0.020000,0.000000,0.000000,0.197000,0.012000,0.000000,0.000000,-0.273967,0.153467,1.000000,-0.000202,0.985789,1.000000,0.741786,0,-0.00,live,1784031814,1784031814
4d46df06-a1f4-4d1c-9042-cc0680d10a6e,ETH,short,2.092060,1.739742,1.020205,-1.052024,0.115621,0.266667,0.644627,0.005636,0.783094,0.000000,-0.192859,0.231451,-0.003773,0.333333,0.465718,0.000000,0.000000,1.000000,0.000000,0.000000,0.963757,0.070365,0.020000,-0.002916,0.000000,0.220000,-0.019182,0.000000,0.760406,0.649448,0.000000,0.540564,0.313321,0.998609,0.000000,0.452774,0.716520,0.883135,1.000000,-0.096120,0.000000,0.134948,0.586773,0.506949,0.021000,0.000000,0.000000,0.681000,0.000000,0.000000,0.000000,-0.245350,0.000000,-0.000000,-0.012803,0.884774,-1.000000,0.750000,0,-0.30,live,1784031912,1784031912
6540e30f-f90f-47cf-95b3-37af9b5a166c,BTC,long,2.311291,0.716863,1.589446,0.966859,0.081828,0.240000,0.013172,0.001593,0.947466,0.000000,-0.039881,3.100443,0.042699,-0.333333,0.343488,0.000000,0.000000,1.000000,0.000000,0.000000,0.963124,0.080073,0.044000,0.002619,0.000000,0.220000,-0.000217,0.000000,0.978148,0.207912,0.000000,-0.322409,0.099464,3.000000,1.000000,0.966233,0.990078,0.000000,0.000000,0.092521,0.033492,0.089002,0.348321,-0.255326,0.020000,0.000000,0.000000,0.825000,0.025000,0.000000,0.000000,-0.249239,0.000000,1.000000,-0.015073,0.826722,1.000000,1.000000,0,-0.00,live,1784031912,1784031912
25900be0-2787-4a96-a666-66f28ea091fe,ETH,long,2.137633,2.010322,2.082202,1.181928,0.095376,0.176667,0.650821,0.005567,0.780498,0.000000,-0.528039,5.000000,-0.014015,-0.333333,0.462243,0.000000,0.000000,1.000000,0.000000,0.000000,0.965315,0.014443,0.112000,0.004032,0.000000,0.220000,0.000000,0.000000,0.300706,-0.953717,0.000000,-0.151201,0.309684,0.753022,1.000000,0.912067,0.965127,0.000000,0.000000,0.137839,0.073427,0.005231,0.645754,-0.531350,0.004000,0.000000,0.000000,0.000000,0.000000,0.000000,0.000000,-0.273967,0.148503,0.000000,-0.083284,0.593496,1.000000,1.000000,0,-0.01,live,1784031917,1784031917
2fd43275-c4ea-4fe4-9b34-2de849e35590,ETH,short,1.195729,0.758191,1.054631,-0.925527,0.117825,0.280000,0.819585,0.028132,0.774569,-0.167162,-0.641102,0.363325,-0.004336,0.333333,0.464145,0.000000,0.000000,1.000000,0.000000,0.000000,0.846832,-0.024978,0.024000,-0.002852,0.000000,0.220000,0.014315,0.000000,0.587785,0.809017,0.000000,-0.064730,0.056677,0.581799,-1.000000,0.649155,0.532666,0.794324,0.000000,-0.052968,0.000000,0.097307,0.699697,0.399322,0.011000,0.000000,0.000000,0.126000,0.000000,0.000000,0.000000,-0.237727,0.000000,-0.000000,0.022639,0.544276,-1.000000,0.875000,0,-0.39,live,1784032223,1784032223
cand-157,BTC,long,2.311291,0.716863,1.589446,0.966859,0.081828,0.240000,0.345112,0.001593,0.865133,0.000000,-0.347330,3.100443,0.042828,-0.333333,0.343488,0.000000,0.000000,1.000000,0.000000,0.000000,0.962518,0.079517,0.044000,0.002619,0.000000,0.220000,-0.000217,0.000000,0.976296,0.216440,0.000000,0.785366,0.099464,0.920722,1.000000,0.966233,0.990078,0.000000,0.000000,0.092521,0.033492,0.087091,0.354053,-0.599404,0.009000,0.000000,0.000000,0.826000,0.024000,0.000000,0.000000,-0.249239,0.944418,1.000000,-0.015073,0.826722,1.000000,1.000000,0,0.00,candidate,1784034626,1784034626
cand-158,ETH,long,3.742866,0.614864,1.318084,0.805131,0.095259,0.180000,0.940629,0.094939,0.820714,-0.004707,-0.595559,4.381829,-0.013224,-0.333333,0.464523,0.000000,0.000000,1.000000,0.000000,0.000000,0.945595,0.117646,0.024000,0.003940,0.000000,0.220000,-0.008409,0.000000,0.342020,-0.939693,0.000000,0.000000,0.048154,1.176705,1.000000,0.944862,0.983636,0.000000,0.000000,0.087513,0.045905,0.121774,0.666374,-1.157472,0.007000,0.000000,0.000000,0.602000,0.000000,0.000000,0.000000,-0.273967,0.139251,1.000000,-0.014034,0.865672,1.000000,1.000000,1,0.00,candidate,1784045795,1784025300
cand-159,BTC,long,3.080649,0.287943,0.982530,0.363953,0.068274,0.170000,1.034818,0.001595,0.872392,0.000000,-0.247112,0.251005,0.028903,-0.333333,0.345222,0.000000,0.000000,1.000000,0.000000,0.000000,0.945680,0.117731,0.024000,0.003940,0.000000,0.220000,-0.008409,0.000000,0.342020,-0.939693,0.000000,0.000000,0.143470,1.071213,1.000000,0.857642,0.976194,0.000000,0.000000,0.011668,0.000000,0.122136,0.665288,-0.635681,0.020000,0.000000,0.000000,0.197000,0.012000,0.000000,0.000000,-0.273967,0.153467,1.000000,-0.000202,0.985789,1.000000,0.741786,1,0.00,candidate,1784045795,1784025300
cand-160,BTC,long,1.199919,0.865637,1.625894,0.391404,0.068258,0.170000,1.375838,0.001595,0.867232,-0.236947,-0.289755,1.058445,0.028850,-0.333333,0.343162,0.000000,0.000000,1.000000,0.000000,0.000000,1.000000,0.000000,0.112000,0.004032,0.000000,0.220000,0.000000,0.000000,0.321439,-0.946930,0.000000,-0.111760,0.247328,0.975815,1.000000,0.986491,0.997664,0.000000,0.000000,0.028032,0.000000,0.001852,0.655890,-0.671597,0.034000,0.000000,0.000000,0.588000,0.000000,0.000000,0.000000,-0.273967,0.031238,0.000000,0.066248,0.678100,1.000000,1.000000,1,0.00,candidate,1784045795,1784025600
cand-161,ETH,long,0.445949,1.062295,1.562045,0.815071,0.095050,0.170000,1.248233,0.005572,0.830870,-1.194157,-1.687960,2.726417,-0.014521,-0.333333,0.462243,0.000000,0.000000,1.000000,0.000000,0.000000,1.000000,0.000000,0.112000,0.004032,0.000000,0.220000,0.000000,0.000000,0.317305,-0.948324,0.000000,0.859770,0.144733,1.481936,1.000000,0.916136,0.973049,0.000000,0.000000,0.097492,0.053156,0.002986,0.652487,-0.476172,0.006000,0.000000,0.000000,0.985000,0.000000,0.000000,0.000000,-0.273967,0.494288,0.000000,-0.114150,0.241379,1.000000,0.850683,1,0.00,candidate,1784045795,1784025600
cand-162,BTC,long,2.084928,1.852414,1.989963,0.793990,0.068250,0.170000,0.620698,0.001592,0.878688,-0.234391,-0.581763,2.847502,0.028940,-0.333333,0.343162,0.000000,0.000000,1.000000,0.000000,0.000000,0.965315,0.014443,0.112000,0.004032,0.000000,0.220000,0.000000,0.000000,0.300706,-0.953717,0.000000,-0.583835,0.469655,1.158098,1.000000,0.960253,0.990987,0.000000,0.000000,0.054437,0.018547,0.005231,0.645754,-0.634710,0.020000,0.000000,0.000000,0.363000,0.000000,0.000000,0.000000,-0.273967,0.954710,0.000000,0.014816,0.690054,1.000000,1.000000,1,0.00,candidate,1784045795,1784025900
cand-163,ETH,long,2.137633,2.010322,2.082202,1.181928,0.095376,0.176667,0.650821,0.005567,0.780498,0.000000,-0.528039,5.000000,-0.014015,-0.333333,0.462243,0.000000,0.000000,1.000000,0.000000,0.000000,0.965315,0.014443,0.112000,0.004032,0.000000,0.220000,0.000000,0.000000,0.300706,-0.953717,0.000000,-0.151201,0.309684,0.753022,1.000000,0.912067,0.965127,0.000000,0.000000,0.137839,0.073427,0.005231,0.645754,-0.531350,0.004000,0.000000,0.000000,0.000000,0.000000,0.000000,0.000000,-0.273967,0.148503,0.000000,-0.083284,0.593496,1.000000,1.000000,1,0.00,candidate,1784045795,1784025900
cand-164,BTC,long,2.144003,1.009599,0.887135,1.142671,0.065814,0.153333,1.322315,0.001589,0.851972,0.000000,-0.366085,2.710346,0.014658,-0.333333,0.342663,0.000000,0.000000,1.000000,0.000000,0.000000,0.927201,0.057866,0.224000,0.007837,0.000000,0.220000,-0.001779,0.000000,-0.104528,-0.994522,0.000000,0.000000,0.101759,0.790173,1.000000,0.988329,0.997509,0.000000,0.000000,0.067000,0.010423,0.055471,0.448470,-0.572625,0.010000,0.000000,0.000000,0.712000,0.000000,0.000000,0.000000,-0.282776,0.000000,0.000000,0.083298,0.673500,1.000000,1.000000,1,0.00,candidate,1784045795,1784031300
cand-165,ETH,long,3.297253,1.545799,1.103015,1.917866,0.096598,0.180000,0.763140,0.005545,0.806740,0.000000,-0.583716,1.666583,-0.002111,-0.333333,0.460826,0.000000,0.000000,1.000000,0.000000,0.000000,0.979474,0.054583,0.224000,0.007837,0.000000,0.220000,-0.001779,0.000000,-0.113203,-0.993572,0.000000,0.000000,0.303174,0.711103,1.000000,0.941582,0.973408,0.000000,0.000000,0.204574,0.091384,0.056549,0.445234,-0.548703,0.009000,0.000000,0.000000,0.000000,0.002000,0.000000,0.000000,-0.282776,0.202593,0.000000,-0.027141,0.734355,1.000000,0.852860,1,0.00,candidate,1784045795,1784031600
cand-166,ETH,long,-2.405006,0.824561,0.123921,1.234540,0.099633,0.186667,1.245112,0.401663,0.733314,-5.000000,-8.000000,2.706080,0.001178,-0.333333,0.460643,0.000000,0.000000,1.000000,0.000000,0.000000,1.000000,0.000000,0.124000,0.007916,0.000000,0.220000,0.000000,0.000000,-0.130526,-0.991445,0.000000,0.000000,0.186583,0.734596,1.000000,0.721543,0.865053,0.000000,0.000000,0.179985,0.046088,0.001387,0.435510,0.005502,0.008000,0.000000,0.000000,0.197000,0.000000,0.000000,0.000000,-0.282776,0.425230,0.000000,0.041343,-0.393636,1.000000,0.852860,1,0.00,candidate,1784045795,1784031900
cand-167,BTC,long,-2.372583,1.099679,0.603783,1.004128,0.069268,0.173333,0.356525,0.164177,0.892452,-1.721699,-3.891804,3.932361,0.018335,-0.333333,0.341710,0.000000,0.000000,1.000000,0.000000,0.000000,1.000000,0.000000,0.124000,0.007916,0.000000,0.220000,0.000000,0.000000,-0.134851,-0.990866,0.000000,0.000000,0.201234,1.284133,1.000000,0.706766,0.907934,0.000000,0.000000,0.076050,0.038005,0.001748,0.434429,-1.102006,0.004000,0.000000,0.000000,0.196000,0.000000,0.000000,0.000000,-0.282776,0.127813,0.000000,-0.012583,-0.432817,1.000000,1.000000,1,0.00,candidate,1784045795,1784031900
cand-168,ETH,long,6.000000,4.406878,2.728402,2.277633,0.129586,0.343333,0.744896,0.060290,0.862731,-0.594117,-0.754696,5.000000,0.009118,-0.333333,0.452997,0.000000,0.000000,1.000000,0.000000,0.000000,0.000000,0.000000,0.208000,0.007861,0.000000,0.220000,0.000000,0.000000,-0.156434,-0.987688,0.000000,0.000000,1.058742,0.571992,1.000000,0.903660,0.921517,0.000000,0.000000,0.053408,0.000000,0.001040,0.423716,-0.435545,0.003000,0.000000,0.000000,1.000000,0.000000,0.000000,0.000000,-0.282776,0.159602,1.000000,-0.026617,0.817451,1.000000,1.000000,1,0.00,candidate,1784045795,1784032200
cand-169,BTC,long,6.000000,4.740206,2.871684,2.068932,0.091184,0.300000,0.141114,0.001576,0.883889,0.428340,0.521781,5.000000,0.021987,-0.333333,0.335252,0.000000,0.000000,1.000000,0.000000,0.000000,0.000000,0.000000,0.208000,0.007861,0.000000,0.220000,0.000000,0.000000,-0.156434,-0.987688,0.000000,0.000000,1.398825,1.000000,1.000000,0.890222,0.938488,0.000000,0.000000,0.043526,0.000000,0.001040,0.423716,-0.201593,0.004000,0.000000,0.000000,0.284000,0.000000,0.000000,0.000000,-0.282776,0.013814,1.000000,-0.030845,0.801783,1.000000,1.000000,1,0.00,candidate,1784045795,1784032200
cand-170,BTC,long,-0.777555,4.525990,2.920287,1.721629,0.092248,0.316667,0.708101,0.001578,0.729866,0.000000,0.124789,1.870877,0.025016,-0.333333,0.335252,0.000000,0.000000,1.000000,0.000000,0.000000,-1.000000,-0.000000,0.208000,0.007861,0.000000,0.220000,0.000000,0.000000,-0.182236,-0.983255,0.000000,-0.352327,1.533315,0.120726,1.000000,0.770365,0.858332,0.000000,0.000000,0.035295,0.000000,0.005001,0.411833,-0.394996,0.018000,0.000000,0.000000,0.000000,0.000000,0.000000,0.000000,-0.282776,0.366143,0.000000,-0.675089,-0.166911,1.000000,1.000000,1,0.00,candidate,1784045795,1784032500
cand-171,BTC,long,2.019556,4.951508,3.434704,1.927938,0.093226,0.346667,1.284577,0.001572,0.851740,-0.517146,-1.275435,0.492008,0.027012,-0.333333,0.335252,0.000000,0.000000,1.000000,0.000000,0.000000,0.926670,0.052282,0.208000,0.007861,0.000000,0.220000,-0.029898,0.000000,-0.195090,-0.980785,0.000000,0.236989,1.645559,0.740472,1.000000,0.872188,0.921298,0.000000,0.000000,0.072849,0.000000,0.007161,0.405352,0.006604,0.002000,0.000000,0.000000,0.151000,0.000000,0.000000,0.000000,-0.282776,0.861508,1.000000,0.013311,0.612193,1.000000,1.000000,1,0.00,candidate,1784045795,1784032800
cand-172,ETH,long,0.941770,5.127578,3.192834,2.301304,0.131016,0.353333,0.964843,0.131257,0.799382,-1.772216,-2.557922,0.106741,0.013080,-0.333333,0.452997,0.000000,0.000000,1.000000,0.000000,0.000000,0.926670,0.052282,0.208000,0.007861,0.000000,0.220000,-0.029898,0.000000,-0.195090,-0.980785,0.000000,-0.360942,1.130705,0.632083,1.000000,0.853697,0.865910,0.000000,0.000000,0.081246,0.000000,0.007161,0.405352,-0.196846,0.002000,0.000000,0.000000,0.522000,0.000000,0.000000,0.000000,-0.282776,0.068680,0.000000,-0.006688,0.482759,1.000000,1.000000,1,0.00,candidate,1784045795,1784032800
cand-173,ETH,long,6.000000,6.000000,4.786325,3.072936,0.148415,0.433333,0.641540,0.005424,0.825188,0.000000,-0.640549,4.495675,0.015679,-0.333333,0.452997,0.000000,0.000000,1.000000,0.000000,0.000000,0.917400,0.042546,0.208000,0.008003,0.000000,0.220000,-0.029898,0.000000,-0.216440,-0.976296,0.000000,0.098236,1.271741,0.933452,1.000000,0.840919,0.793187,0.000000,0.000000,0.272044,0.000000,0.010420,0.395577,-0.395830,0.002000,0.000000,0.000000,0.000000,0.000000,0.000000,0.000000,-0.282776,0.555011,0.000000,-0.155131,0.606134,1.000000,1.000000,1,0.00,candidate,1784045795,1784033100
cand-174,BTC,long,2.941023,5.411959,4.316593,2.428774,0.095933,0.366667,0.645683,0.001571,0.874668,0.000000,0.303744,2.220105,0.029604,-0.333333,0.335252,0.000000,0.000000,1.000000,0.000000,0.000000,0.917400,0.042546,0.208000,0.008003,0.000000,0.220000,-0.029898,0.000000,-0.216440,-0.976296,0.000000,-0.598869,2.359008,1.126843,1.000000,0.883074,0.916654,0.000000,0.000000,0.125113,0.000000,0.010420,0.395577,-0.842357,0.004000,0.000000,0.000000,0.125000,0.000000,0.000000,0.000000,-0.282776,0.311615,0.000000,-0.220947,0.529950,1.000000,0.852860,1,0.00,candidate,1784045795,1784033100
cand-175,BTC,long,1.161876,5.023330,4.459885,2.604253,0.096402,0.370000,0.418965,0.001569,0.888265,0.000000,0.140863,0.253145,0.030792,-0.333333,0.335252,0.000000,0.000000,1.000000,0.000000,0.000000,0.915087,0.036741,0.208000,0.008003,0.000000,0.220000,-0.029898,0.000000,-0.237686,-0.971342,0.000000,-0.738879,2.248726,1.349249,1.000000,0.935482,0.954062,0.000000,0.000000,0.147361,0.000000,0.013814,0.385394,-0.578106,0.002000,0.000000,0.000000,0.988000,0.000000,0.000000,0.000000,-0.282776,0.437122,0.000000,-0.158477,0.441013,1.000000,1.000000,1,0.00,candidate,1784045795,1784033400
cand-176,ETH,long,1.400641,6.000000,5.076796,3.266145,0.148664,0.433333,1.396392,0.086711,0.796238,0.000000,0.103732,0.372755,0.016870,-0.333333,0.452997,0.000000,0.000000,1.000000,0.000000,0.000000,0.915087,0.036741,0.208000,0.008003,0.000000,0.220000,-0.029898,0.000000,-0.237686,-0.971342,0.000000,0.341544,1.186186,0.654621,1.000000,0.894363,0.862953,0.000000,0.000000,0.313080,0.000000,0.013814,0.385394,-0.425243,0.002000,0.000000,0.000000,0.000000,0.000000,0.000000,0.000000,-0.282776,0.851552,0.000000,-0.171921,0.585366,1.000000,1.000000,1,0.00,candidate,1784045795,1784033400
cand-177,ETH,long,4.859356,6.000000,6.000000,3.755549,0.158903,0.480000,1.554715,0.085926,0.819567,-0.161213,-1.976137,2.123916,0.021369,-0.333333,0.452997,0.000000,0.000000,1.000000,0.000000,0.000000,0.967396,0.047247,0.208000,0.008003,0.000000,0.220000,0.028309,0.000000,-0.258819,-0.965926,0.000000,0.078877,1.598725,0.965535,1.000000,0.917552,0.873503,0.000000,0.000000,0.467919,0.000000,0.017431,0.374542,-0.233556,0.002000,0.000000,0.000000,0.495000,0.000000,0.000000,0.000000,-0.282776,1.000000,0.000000,-0.099045,0.642247,1.000000,1.000000,1,0.00,candidate,1784045795,1784033700
cand-178,BTC,long,2.527224,6.000000,5.247743,2.928148,0.098209,0.396667,0.822876,0.001568,0.852791,0.000000,0.397832,0.695341,0.033686,-0.333333,0.335252,0.000000,0.000000,1.000000,0.000000,0.000000,0.968698,0.048533,0.208000,0.008003,0.000000,0.220000,0.028309,0.000000,-0.275637,-0.961262,0.000000,0.228350,3.000000,0.813407,1.000000,0.972911,0.979199,0.000000,0.000000,0.195499,0.000000,0.020315,0.365891,-0.328786,0.004000,0.000000,0.000000,0.904000,0.000000,0.000000,0.000000,-0.282776,0.302623,0.000000,-0.040445,0.798891,1.000000,1.000000,0,0.00,candidate,1784045795,1784033700
cand-179,ETH,long,-0.247939,5.195453,6.000000,3.562446,0.160461,0.480000,1.093018,0.107637,0.814806,0.000000,0.466523,0.828359,0.025857,-0.333333,0.452997,0.000000,0.000000,1.000000,0.000000,0.000000,0.726065,-0.088972,0.208000,0.007879,0.000000,0.220000,-0.027154,0.000000,-0.288196,-0.957571,0.000000,0.854279,0.516183,0.930374,1.000000,0.908910,0.860189,0.000000,0.000000,0.460147,0.000000,0.022289,0.359970,-0.330876,0.006000,0.000000,0.000000,0.498000,0.000000,0.000000,0.000000,-0.282776,0.467012,0.000000,-0.343971,-0.069614,1.000000,1.000000,1,0.00,candidate,1784045795,1784034000
cand-180,BTC,short,0.311040,-2.253550,-4.521656,-2.492976,0.100824,0.410000,0.546976,0.001570,0.863750,0.000000,-0.297524,-0.053890,-0.034468,0.333333,0.335252,0.000000,0.000000,1.000000,0.000000,0.000000,0.710785,-0.102875,0.208000,-0.007879,0.000000,0.220000,-0.027154,0.000000,-0.300706,-0.953717,0.000000,1.369851,-1.837707,1.007441,-1.000000,0.854097,0.342379,0.927573,0.000000,0.141147,0.000000,0.024452,0.353479,0.255293,0.012000,0.000000,0.000000,0.626000,0.000000,0.000000,0.000000,-0.282776,0.471331,-0.000000,0.380742,0.145652,-1.000000,1.000000,0,0.00,candidate,1784045795,1784034300
cand-181,BTC,long,-0.311040,2.253550,4.521656,2.492976,0.100824,0.410000,1.131881,0.001568,0.853791,0.000000,-0.368974,-0.053890,0.034708,-0.333333,0.335252,0.000000,0.000000,1.000000,0.000000,0.000000,0.709925,-0.103738,0.208000,0.007879,0.000000,0.220000,-0.027154,0.000000,-0.304864,-0.952396,0.000000,1.678857,1.837707,0.854520,1.000000,0.854097,0.887661,0.000000,0.000000,0.141147,0.000000,0.025537,0.350225,-0.413891,0.005000,0.000000,0.000000,0.910000,0.000000,0.000000,0.000000,-0.282776,0.682523,0.000000,-0.380742,-0.145652,1.000000,1.000000,1,0.00,candidate,1784045795,1784034300
cand-182,ETH,long,0.500047,4.507936,6.000000,3.420091,0.162617,0.503333,0.200631,0.199284,0.798613,0.000000,-0.252109,0.044658,0.030324,-0.333333,0.452997,0.000000,0.000000,1.000000,0.000000,0.000000,0.705453,-0.107329,0.208000,0.007879,0.000000,0.220000,-0.027154,0.000000,-0.321439,-0.946930,0.000000,-1.006099,0.375803,0.908909,1.000000,0.886255,0.825233,0.000000,0.000000,0.439742,0.000000,0.027702,0.343728,-0.578666,0.007000,0.000000,0.000000,0.114000,0.000000,0.000000,0.000000,-0.282776,0.568882,0.000000,0.186283,0.331140,1.000000,1.000000,1,0.00,candidate,1784045795,1784034600
cand-183,BTC,long,0.074647,1.521445,4.312731,2.480985,0.100839,0.410000,0.300866,0.001567,0.846965,0.000000,-0.119777,-0.145777,0.036049,-0.333333,0.335252,0.000000,0.000000,1.000000,0.000000,0.000000,0.703973,-0.108814,0.208000,0.007879,0.000000,0.220000,-0.008976,0.000000,-0.329691,-0.944089,0.000000,-0.788325,1.795636,0.771359,1.000000,0.857356,0.890178,0.000000,0.000000,0.142642,0.000000,0.029527,0.338255,-0.341428,0.016000,0.000000,0.000000,0.495000,0.000000,0.000000,0.000000,-0.282776,0.189081,0.000000,-0.105998,0.060150,1.000000,0.853195,1,0.00,candidate,1784045795,1784034600
cand-184,ETH,long,1.672977,2.774447,6.000000,3.653641,0.163231,0.503333,0.955511,0.777953,0.834632,-2.119741,-2.617143,-0.006293,0.032411,-0.333333,0.452997,0.000000,0.000000,1.000000,0.000000,0.000000,0.824407,0.001576,0.208000,0.007879,0.000000,0.220000,-0.008976,0.000000,-0.342020,-0.939693,0.000000,0.264743,0.217311,1.731391,1.000000,0.945580,0.916613,0.000000,0.000000,0.493084,0.000000,0.031335,0.332832,-1.275288,0.002000,0.000000,0.000000,0.528000,0.000000,0.000000,0.000000,-0.282776,0.720216,0.000000,0.059476,0.724286,1.000000,1.000000,1,0.00,candidate,1784045795,1784034900
cand-185,BTC,long,1.227070,0.880407,4.265764,2.741002,0.100768,0.410000,1.341469,0.001562,0.898974,-0.181888,-0.902675,-0.042200,0.036851,-0.333333,0.335252,0.000000,0.000000,1.000000,0.000000,0.000000,0.825446,0.002606,0.208000,0.007615,0.000000,0.220000,-0.008976,0.000000,-0.354291,-0.935135,0.000000,1.040603,1.109314,1.645704,1.000000,0.910924,0.931505,0.000000,0.000000,0.167180,0.000000,0.033274,0.327013,-0.813088,0.012000,0.000000,0.000000,0.967000,0.000000,0.000000,0.000000,-0.287254,0.000000,0.000000,-0.078745,0.712996,1.000000,1.000000,1,0.00,candidate,1784045795,1784034900
cand-187,BTC,long,-2.218097,-0.016844,4.336365,2.787894,0.106137,0.456667,0.876636,0.001565,0.816441,0.000000,-0.179456,0.138222,0.040671,-0.333333,0.335252,0.000000,0.000000,1.000000,0.000000,0.000000,0.732239,-0.076172,0.208000,0.007615,0.000000,0.220000,-0.004054,3.162278,-0.382683,-0.923880,0.000000,0.808538,0.991100,0.487991,1.000000,0.851411,0.869873,0.000000,0.000000,0.203237,0.000000,0.038334,0.311834,-0.474132,0.011000,0.000000,0.000000,0.036000,0.000000,0.000000,0.000000,-0.287254,0.534483,0.000000,0.026375,-0.837597,1.000000,1.000000,1,0.00,candidate,1784045795,1784035500
cand-188,ETH,long,0.283326,2.340680,6.000000,4.199885,0.172862,0.550000,1.082093,0.005342,0.813794,0.000000,1.327296,0.142549,0.032072,-0.333333,0.452997,0.000000,0.000000,1.000000,0.000000,0.000000,0.729922,-0.078490,0.208000,0.007615,0.000000,0.220000,-0.004054,3.162278,-0.386711,-0.922201,0.000000,0.879737,-0.004379,1.296897,1.000000,0.956085,0.920877,0.000000,0.000000,0.210755,0.000000,0.039053,0.309676,-0.376440,0.004000,0.000000,0.000000,0.249000,0.000000,0.000000,0.000000,-0.287254,0.664316,0.000000,-0.215463,0.163410,1.000000,0.853195,0,0.00,candidate,1784045795,1784035500
cand-190,BTC,long,1.553111,0.762289,2.015388,2.748249,0.108823,0.456667,1.071936,0.001567,0.887818,0.000000,0.244218,0.226577,0.047751,-0.333333,0.332255,0.000000,0.000000,1.000000,0.000000,0.000000,0.816946,0.005644,0.672000,0.004793,0.000000,0.220000,-0.090540,1.982139,-0.426569,-0.904455,0.000000,0.217437,1.041322,1.344002,1.000000,0.826110,0.847614,0.000000,0.000000,0.190069,0.000000,0.045808,0.289410,-0.315544,0.003000,0.000000,0.000000,0.077000,0.000000,0.000000,0.000000,-1.000000,1.000000,0.000000,-0.038198,0.541395,1.000000,1.000000,1,0.00,candidate,1784045795,1784036100
cand-193,BTC,long,-1.769803,-0.000579,0.980043,2.538997,0.110648,0.466667,1.102844,0.001569,0.895463,0.000000,-0.105887,0.088358,0.049264,-0.333333,0.332255,0.000000,0.000000,1.000000,0.000000,0.000000,0.888953,0.069824,0.672000,0.004793,0.000000,0.220000,-0.090540,1.964706,-0.442289,-0.896873,0.000000,0.156945,0.680242,1.431472,1.000000,0.751697,0.781977,0.000000,0.000000,0.151238,0.000000,0.048736,0.280628,-0.767452,0.010000,0.000000,0.000000,0.692000,0.000000,0.000000,0.000000,-1.000000,0.000000,-0.579703,0.034768,-0.505455,1.000000,1.000000,1,0.00,candidate,1784045795,1784036400
cand-194,BTC,short,1.769803,0.000579,-0.980043,-2.538997,0.110648,0.466667,0.671445,0.001571,0.850659,-0.265734,-1.125036,0.088358,-0.050790,0.333333,0.332255,0.000000,0.000000,1.000000,0.000000,0.000000,0.889232,0.070112,0.672000,-0.004793,0.000000,0.220000,0.009134,1.964706,-0.450098,-0.892979,0.000000,1.283951,-0.680242,0.769714,-1.000000,0.751697,0.339971,0.925121,0.000000,0.151238,0.000000,0.050206,0.276217,0.397799,0.003000,0.000000,0.000000,0.000000,0.000000,0.000000,0.000000,-1.000000,0.416086,0.579703,-0.034768,0.505455,-1.000000,1.000000,0,0.00,candidate,1784045795,1784036400
cand-195,BTC,long,0.521826,-0.241673,0.393472,2.529642,0.111156,0.470000,0.347057,0.001568,0.886329,-0.063400,-0.862828,0.031311,0.051887,-0.333333,0.332255,0.000000,0.000000,1.000000,0.000000,0.000000,0.852464,0.037399,0.672000,0.004793,0.000000,0.220000,0.009134,1.487755,-0.461749,-0.887011,0.000000,0.589623,0.391654,1.286226,1.000000,0.768599,0.801432,0.000000,0.000000,0.162748,0.000000,0.052021,0.270772,-0.764199,0.007000,0.000000,0.000000,0.931000,0.000000,0.000000,0.000000,-1.000000,0.000000,0.000000,0.020282,0.174303,1.000000,1.000000,1,0.00,candidate,1784045795,1784036700
cand-197,BTC,long,-0.016871,-1.617292,0.097423,2.493054,0.111476,0.473333,1.130106,0.001569,0.901931,0.000000,0.387851,-0.208504,0.054365,-0.333333,0.332255,0.000000,0.000000,1.000000,0.000000,0.000000,0.849546,0.034604,0.672000,-0.000893,0.000000,0.220000,0.009134,1.875163,-0.480989,-0.876727,0.000000,0.704968,-0.446683,1.700607,1.000000,0.763916,0.800801,0.000000,0.000000,0.162375,0.000000,0.055781,0.259492,-0.741359,0.009000,0.000000,0.000000,0.906000,0.000000,0.000000,0.000000,-0.107346,0.146399,0.000000,-0.233474,-0.007246,1.000000,0.853195,1,0.00,candidate,1784045795,1784037000
cand-199,BTC,long,0.167367,-0.687157,-0.497239,2.479275,0.111424,0.473333,1.027396,0.001569,0.910253,0.271671,0.742364,-0.374362,0.056521,-0.333333,0.332255,0.000000,0.000000,1.000000,0.000000,0.000000,0.840812,0.025781,0.672000,-0.000893,0.000000,0.220000,0.014160,1.865010,-0.503774,-0.863836,0.000000,0.713085,-0.433634,1.976406,1.000000,0.770701,0.807054,0.000000,0.000000,0.166074,0.000000,0.059778,0.247503,-0.191673,0.009000,0.000000,0.000000,0.719000,0.000000,0.000000,0.000000,-0.107346,1.000000,1.000000,0.203828,0.214414,1.000000,0.853195,1,0.00,candidate,1784045795,1784037300
cand-200,ETH,short,2.668176,1.349294,-0.159865,-3.175026,0.185368,0.616667,0.480215,0.021475,0.817578,0.000000,0.091627,-0.035450,-0.040228,0.333333,0.441233,0.000000,0.000000,1.000000,0.000000,0.000000,0.000000,0.000000,0.672000,0.000893,0.000000,0.220000,0.000000,0.000000,-0.526214,-0.850352,0.000000,-0.000000,0.315923,1.206280,-1.000000,0.777959,0.000000,0.507581,1.000000,0.026210,0.000000,0.002111,0.233535,0.104678,0.003000,0.000000,0.000000,0.055000,0.000000,0.000000,0.000000,0.314664,0.546262,-0.000000,0.005418,0.920160,-1.000000,1.000000,0,0.00,candidate,1784045795,1784037600
cand-201,BTC,long,1.494138,-1.093652,-0.268563,1.958124,0.116207,0.520000,0.949001,0.001572,0.842953,0.000000,0.304470,-0.243420,0.057526,-0.333333,0.334247,0.000000,0.000000,1.000000,0.000000,0.000000,1.000000,0.000000,0.672000,-0.000893,0.000000,0.220000,0.000000,0.000000,-0.540974,-0.841039,0.000000,0.000000,-0.621989,0.532102,1.000000,0.695407,0.743209,0.972317,0.000000,0.128304,0.000000,0.004276,0.227039,-0.781742,0.006000,0.000000,0.000000,0.000000,0.000000,0.000000,0.000000,0.314664,0.143862,0.000000,-0.034668,0.810850,1.000000,0.853195,1,0.00,candidate,1784045795,1784037900
cand-202,BTC,long,2.039111,0.433065,0.305840,2.239984,0.118040,0.533333,0.140501,0.001568,0.836313,0.000000,-0.292996,-0.170356,0.059171,-0.333333,0.334247,0.000000,0.000000,1.000000,0.000000,0.000000,0.997989,0.000479,0.672000,-0.000893,0.000000,0.220000,0.014307,0.000000,-0.555570,-0.831470,0.000000,-0.376491,-0.130539,0.614891,1.000000,0.790689,0.823962,0.000000,0.000000,0.176077,0.000000,0.007183,0.218320,-0.379633,0.009000,0.000000,0.000000,0.737000,0.000000,0.000000,0.000000,0.314664,0.252910,0.000000,0.117687,0.617056,1.000000,0.853195,1,0.00,candidate,1784045795,1784038200
cand-203,BTC,long,-0.379700,0.076722,-0.106174,2.205847,0.118407,0.533333,0.730194,0.001569,0.833820,0.000000,0.159155,-0.229097,0.058597,-0.333333,0.334247,0.000000,0.000000,1.000000,0.000000,0.000000,0.811761,-0.041432,0.672000,-0.001087,0.000000,0.220000,0.014307,0.000000,-0.577145,-0.816642,0.000000,0.467352,-0.320818,0.550357,1.000000,0.772874,0.808893,0.000000,0.000000,0.167162,0.000000,0.011745,0.204634,-0.401472,0.018000,0.000000,0.000000,0.978000,0.000000,0.000000,0.000000,0.053903,0.105555,0.000000,0.521735,-0.219493,1.000000,0.706391,1,0.00,candidate,1784045795,1784038500
cand-206,BTC,long,-0.379041,-0.071719,-1.125015,2.100916,0.118667,0.533333,0.103658,0.001568,0.863725,0.000000,-0.045336,-0.451341,0.058635,-0.333333,0.332074,0.000000,0.000000,1.000000,0.000000,0.000000,-1.000000,-0.000000,0.656000,-0.001143,0.000000,0.220000,0.000000,0.000000,-0.594823,-0.803857,0.000000,-1.071587,-0.200776,1.484411,1.000000,0.755059,0.793810,0.000000,0.000000,0.158239,0.000000,0.015107,0.194548,-0.474340,0.012000,0.000000,0.000000,0.771000,0.000000,0.000000,0.000000,-0.261449,0.887681,0.000000,0.039749,-0.325028,1.000000,0.706391,1,0.00,candidate,1784045795,1784038800
cand-209,BTC,long,0.505254,1.501897,0.315442,2.363602,0.120374,0.546667,0.801109,0.001564,0.881618,0.000000,-0.201839,-0.005326,0.057139,-0.333333,0.331405,0.000000,0.000000,1.000000,0.000000,0.000000,-0.329651,0.313714,0.644000,-0.001147,0.000000,0.220000,0.024122,0.000000,-0.639439,-0.768842,0.000000,0.000000,0.414911,1.180607,1.000000,0.861527,0.891631,0.000000,0.000000,0.216109,0.000000,0.024377,0.166737,-0.292469,0.016000,0.000000,0.000000,0.519000,0.000000,0.000000,0.000000,-0.732343,0.804364,0.000000,-0.172675,0.311502,1.000000,0.706391,1,0.00,candidate,1784045795,1784039700
cand-210,BTC,long,0.272321,0.795967,0.862777,2.302116,0.120512,0.546667,0.217261,0.001563,0.890889,0.000000,-0.091279,-0.375957,0.057309,-0.333333,0.331405,0.000000,0.000000,1.000000,0.000000,0.000000,-0.379409,0.305872,0.644000,-0.001202,0.000000,0.220000,0.024122,0.000000,-0.662620,-0.748956,0.000000,-0.124288,0.109151,1.234102,1.000000,0.875508,0.902604,0.000000,0.000000,0.222601,0.000000,0.028711,0.153736,-0.169764,0.023000,0.000000,0.000000,0.584000,0.000000,0.000000,0.000000,-0.891097,0.268707,0.000000,-0.284737,0.209325,1.000000,0.706391,1,0.00,candidate,1784045795,1784040000
cand-213,BTC,long,-0.666749,0.679854,0.534245,2.043947,0.120033,0.546667,0.341628,0.001563,0.863834,0.000000,-0.259990,-0.485594,0.056730,-0.333333,0.331405,0.000000,0.000000,1.000000,0.000000,0.000000,-0.508934,0.247032,0.644000,-0.001202,0.000000,0.220000,0.023504,0.000000,-0.685183,-0.728371,0.000000,0.124367,0.433582,0.910059,1.000000,0.841422,0.875838,0.000000,0.000000,0.206766,0.000000,0.034014,0.137827,-0.518724,0.007000,0.000000,0.000000,0.687000,0.000000,0.000000,0.000000,-0.891097,0.178744,-1.000000,0.128808,-0.569522,1.000000,0.706391,1,0.00,candidate,1784045795,1784040300
cand-214,BTC,long,1.390204,1.397285,0.938081,2.386677,0.120481,0.546667,0.955511,0.001563,0.953068,0.000000,-0.340160,-0.372895,0.057160,-0.333333,0.331405,0.000000,0.000000,1.000000,0.000000,0.000000,-0.401423,0.348578,0.644000,-0.001202,0.000000,0.220000,0.023504,0.000000,-0.688355,-0.725374,0.000000,0.820013,0.433582,3.000000,1.000000,0.912789,0.931830,0.000000,0.000000,0.239891,0.004026,0.034775,0.135543,-0.632413,0.026000,0.000000,0.000000,1.000000,0.000000,0.000000,0.000000,-0.891097,0.663743,1.000000,0.093727,0.693851,1.000000,0.706391,1,0.00,candidate,1784045795,1784040600
cand-217,BTC,long,0.883845,2.086360,2.763099,2.999115,0.124554,0.560000,0.505709,0.001556,0.835453,0.000000,-0.463705,0.918998,0.059620,-0.333333,0.331405,0.000000,0.000000,1.000000,0.000000,0.000000,0.524808,1.000000,0.644000,-0.001318,0.000000,0.220000,-0.018050,0.000000,-0.719340,-0.694658,0.000000,-0.166354,0.572967,0.592686,1.000000,0.949432,0.954104,0.000000,0.000000,0.318048,0.023688,0.041739,0.114651,-0.411232,0.006000,0.000000,0.000000,0.685000,0.000000,0.000000,0.000000,-0.768253,0.574774,0.000000,-0.083360,0.320507,1.000000,0.853195,1,0.00,candidate,1784045795,1784041200
cand-219,BTC,long,-1.320942,1.329786,1.956898,2.754477,0.125751,0.563333,1.142251,0.001557,0.850058,0.000000,-0.017879,0.159203,0.062124,-0.333333,0.331405,0.000000,0.000000,1.000000,0.000000,0.000000,0.691043,1.000000,0.644000,-0.001318,0.000000,0.220000,-0.018050,0.169943,-0.737277,-0.675590,0.000000,0.388815,0.308859,0.733373,1.000000,0.888036,0.898612,0.000000,0.000000,0.285327,0.000000,0.045514,0.103327,-0.425235,0.012000,0.000000,0.000000,0.683000,0.001000,0.000000,0.000000,-0.768253,0.659447,-0.754944,0.153603,-0.608077,1.000000,0.853195,1,0.00,candidate,1784045795,1784041500
cand-222,BTC,long,-0.663206,0.949169,1.209085,2.556951,0.126093,0.563333,0.974327,0.001559,0.932097,0.000000,0.079624,-0.484829,0.063209,-0.333333,0.331405,0.000000,0.000000,1.000000,0.000000,0.000000,0.624257,1.000000,0.644000,-0.000718,0.000000,0.220000,0.082068,0.110956,-0.754710,-0.656059,0.000000,-0.121605,0.419975,2.542360,1.000000,0.854242,0.870640,0.000000,0.000000,0.268834,0.000000,0.049797,0.090478,-0.496480,0.028000,0.000000,0.000000,0.000000,0.000000,0.000000,0.000000,-0.768253,0.014282,0.000000,-0.087687,-0.500000,1.000000,0.706391,1,0.00,candidate,1784045795,1784041800
cand-223,BTC,long,1.324458,1.742131,1.686899,2.718909,0.126813,0.573333,0.270526,0.001555,0.879554,0.000000,-0.451357,-0.301770,0.064242,-0.333333,0.331405,0.000000,0.000000,1.000000,0.000000,0.000000,0.206463,0.739525,0.644000,-0.000718,0.000000,0.220000,0.082068,-0.003591,-0.766044,-0.642788,0.000000,-0.703801,0.246996,1.155969,1.000000,0.917379,0.926797,0.000000,0.000000,0.301946,0.007320,0.052825,0.081392,-0.414351,0.037000,0.000000,0.000000,0.661000,0.000000,0.000000,0.000000,-0.508780,0.263778,1.000000,-0.011731,0.714097,1.000000,0.706391,1,0.00,candidate,1784045795,1784042100
cand-226,BTC,long,-0.474577,1.005558,1.646910,2.630665,0.127196,0.576667,1.081170,0.001557,0.894488,0.008373,0.137095,-0.282703,0.065114,-0.333333,0.326724,0.000000,0.000000,1.000000,0.000000,0.000000,1.000000,0.000000,0.668000,-0.000714,0.000000,0.220000,0.000000,0.000000,-0.779884,-0.625923,0.000000,0.000000,0.011724,1.437725,1.000000,0.893226,0.906625,0.000000,0.000000,0.290052,0.000000,0.055986,0.071911,-0.169183,0.036000,0.000000,0.000000,0.885000,0.000000,0.000000,0.000000,0.548451,0.799844,0.000000,-0.407349,-0.316993,1.000000,0.706391,1,0.00,candidate,1784045795,1784042400
