ts,equity,daily_pnl
1783938785,800.00,0.00
1783938814,800.00,0.00
1783938829,800.00,0.00
1783938845,800.00,0.00
1783938860,800.00,0.00
1783938876,800.00,0.00
1783938891,800.00,0.00
1783938907,800.00,0.00
1783938922,800.00,0.00
1783938939,800.00,0.00
1783938954,800.00,0.00
1783938970,800.00,0.00
1783938985,800.00,0.00
1783939001,800.00,0.00
1783939016,800.00,0.00
1783939032,800.00,0.00
1783939047,800.00,0.00
1783939063,800.00,0.00
1783939078,800.00,0.00
1783939095,800.00,0.00
1783939110,800.00,0.00
1783939126,800.00,0.00
1783939141,800.00,0.00
1783939157,800.00,0.00
1783939172,800.00,0.00
1783939188,800.00,0.00
1783939203,800.00,0.00
1783939219,800.00,0.00
1783939234,800.00,0.00
1783939250,799.99,0.00
1783939265,799.99,0.00
1783939281,799.99,0.00
1783939296,799.98,0.00
1783939312,799.99,0.00
1783939327,799.99,0.00
1783939343,799.98,0.00
1783939358,799.99,0.00
1783939374,799.98,0.00
1783939389,799.98,0.00
1783939407,799.98,0.00
1783939422,799.98,0.00
1783939438,799.98,0.00
1783939453,799.98,0.00
1783939469,799.99,0.00
1783939484,799.99,0.00
1783939500,799.99,0.00
1783939515,799.99,0.00
1783939531,799.99,0.00
1783939546,799.99,0.00
1783939562,800.00,0.00
1783939577,800.00,0.00
1783939593,800.00,0.00
1783939608,800.00,0.00
1783939625,800.00,0.00
1783939640,800.00,0.00
1783939656,800.00,0.00
1783939671,800.00,0.00
1783939687,800.00,0.00
1783939702,800.00,0.00
1783939727,800.00,0.00
1783939742,799.99,0.00
1783939758,799.99,0.00
1783939773,799.99,0.00
1783939789,799.99,0.00
1783939804,799.99,0.00
1783939820,800.00,0.00
1783939835,800.00,0.00
1783939856,800.00,0.00
1783939871,800.00,0.00
1783939887,800.00,0.00
1783939902,800.00,0.00
1783939918,799.99,0.00
1783939933,799.99,0.00
1783939949,799.99,0.00
1783939964,799.99,0.00
1783939980,799.99,0.00
1783940000,799.99,0.00
1783940027,799.99,0.00
1783940042,799.99,0.00
1783940058,799.99,0.00
1783940073,799.99,0.00
1783940089,799.99,0.00
1783940104,799.99,0.00
1783940120,799.99,0.00
1783940135,799.99,0.00
1783940151,799.99,0.00
1783940166,799.99,0.00
1783940182,799.98,0.00
1783940197,799.98,0.00
1783940213,799.98,0.00
1783940228,799.98,0.00
1783940244,799.98,0.00
1783940259,799.98,0.00
1783940275,799.98,0.00
1783940290,799.98,0.00
1783940306,799.98,0.00
1783940321,799.98,0.00
1783940337,799.98,0.00
1783940352,799.98,0.00
1783940368,799.98,0.00
1783940383,799.98,0.00
1783940399,799.98,0.00
1783940414,799.97,0.00
1783940430,799.97,0.00
1783940445,799.97,0.00
1783940462,799.97,0.00
1783940477,799.97,0.00
1783940493,799.97,0.00
1783940508,799.97,0.00
1783940524,799.97,0.00
1783940539,799.97,0.00
1783940555,799.97,0.00
1783940570,799.98,0.00
1783940586,799.97,0.00
1783940601,799.97,0.00
1783940618,799.98,0.00
1783940633,799.98,0.00
1783940649,799.98,0.00
1783940664,799.98,0.00
1783940680,799.98,0.00
1783940695,799.98,0.00
1783940711,799.98,0.00
1783940726,799.99,0.00
1783940743,799.99,0.00
1783940758,799.98,0.00
1783940774,799.98,0.00
1783940789,799.99,0.00
1783940805,799.98,0.00
1783940820,799.99,0.00
1783940836,800.00,0.00
1783940851,799.99,0.00
1783940867,799.99,0.00
1783940882,799.99,0.00
1783940898,799.99,0.00
1783940913,799.98,0.00
1783940938,799.98,0.00
1783940953,799.99,0.00
1783940969,799.98,0.00
1783940984,799.99,0.00
1783941000,799.99,0.00
1783941015,799.98,0.00
1783941031,799.99,0.00
1783941046,799.99,0.00
1783941062,800.00,0.00
1783941077,800.01,0.00
1783941093,800.01,0.00
1783941108,800.00,0.00
1783941125,800.00,0.00
1783941140,800.00,0.00
1783941156,799.99,0.00
1783941171,799.99,0.00
1783941187,799.99,0.00
1783941202,799.99,0.00
1783941219,800.00,0.00
1783941234,800.00,0.00
1783941250,799.99,0.00
1783941265,799.99,0.00
1783941281,800.00,0.00
1783941296,800.01,0.00
1783941312,800.01,0.00
1783941327,800.01,0.00
1783941344,800.01,0.00
1783941359,800.01,0.00
1783941375,800.01,0.00
1783941390,800.01,0.00
1783941406,800.01,0.00
1783941421,800.01,0.00
1783941437,800.01,0.00
1783941452,800.01,0.00
1783941468,800.01,0.00
1783941483,800.02,0.00
1783941499,800.03,0.00
1783941514,800.03,0.00
1783941530,800.03,0.00
1783941545,800.03,0.00
1783941561,800.03,0.00
1783941576,800.03,0.00
1783941592,800.03,0.00
1783941607,800.03,0.00
1783941623,800.03,0.00
1783941638,800.03,0.00
1783941654,800.03,0.00
1783941669,800.04,0.00
1783941685,800.02,0.00
1783941700,800.02,0.00
1783941716,800.03,0.00
1783941731,800.00,0.00
1783941747,800.01,0.00
1783941762,800.01,0.00
1783941779,800.01,0.00
1783941794,800.01,0.00
1783941810,800.01,0.00
1783941825,800.00,0.00
1783941851,800.00,0.00
1783941866,800.01,0.00
1783941882,800.01,0.00
1783941897,800.02,0.00
1783941913,800.02,0.00
1783941928,800.02,0.00
1783941945,800.01,0.00
1783941960,800.01,0.00
1783941975,800.01,0.00
1783941990,800.01,0.00
1783942007,800.01,0.00
1783942022,800.00,0.00
1783942038,800.00,0.00
1783942053,800.00,0.00
1783942069,799.99,0.00
1783942084,800.00,0.00
1783942100,800.00,0.00
1783942115,800.00,0.00
1783942131,800.00,0.00
1783942146,800.00,0.00
1783942162,800.00,0.00
1783942177,800.00,0.00
1783942193,800.01,0.00
1783942208,800.00,0.00
1783942224,800.00,0.00
1783942239,800.00,0.00
1783942255,800.00,0.00
1783942270,800.00,0.00
1783942287,800.02,0.00
1783942302,800.01,0.00
1783942318,800.02,0.00
1783942333,800.01,0.00
1783942350,800.01,0.00
1783942365,800.01,0.00
1783942381,800.01,0.00
1783942396,800.01,0.00
1783942413,800.01,0.00
1783942428,800.01,0.00
1783942445,799.99,0.00
1783942460,800.00,0.00
1783942476,799.99,0.00
1783942491,799.99,0.00
1783942507,799.98,0.00
1783942522,799.98,0.00
1783942538,799.98,0.00
1783942553,799.98,0.00
1783942569,799.98,0.00
1783942584,799.99,0.00
1783942600,799.99,0.00
1783942615,799.99,0.00
1783942631,799.99,0.00
1783942646,800.00,0.00
1783942662,800.00,0.00
1783942677,800.00,0.00
1783942693,800.00,0.00
1783942708,799.98,0.00
1783942724,799.98,0.00
1783942739,799.98,0.00
1783942764,799.99,0.00
1783942779,799.99,0.00
1783942795,799.99,0.00
1783942810,799.99,0.00
1783942826,799.99,0.00
1783942841,799.99,0.00
1783942857,799.99,0.00
1783942872,799.98,0.00
1783942888,799.99,0.00
1783942903,799.98,0.00
1783942920,799.98,0.00
1783942935,799.98,0.00
1783942951,799.98,0.00
1783942966,799.98,0.00
1783942982,799.98,0.00
1783942997,799.98,0.00
1783943013,799.98,0.00
1783943028,799.98,0.00
1783943046,799.98,0.00
1783943061,799.98,0.00
1783943077,799.98,0.00
1783943092,799.99,0.00
1783943108,799.99,0.00
1783943123,799.99,0.00
1783943139,799.99,0.00
1783943154,799.99,0.00
1783943171,799.99,0.00
1783943186,799.98,0.00
1783943202,799.98,0.00
1783943217,799.98,0.00
1783943233,799.97,0.00
1783943248,799.97,0.00
1783943264,799.97,0.00
1783943279,799.97,0.00
1783943295,799.97,0.00
1783943310,799.97,0.00
1783943326,799.97,0.00
1783943341,799.97,0.00
1783943357,799.97,0.00
1783943372,799.97,0.00
1783943388,799.97,0.00
1783943403,799.97,0.00
1783943420,799.97,0.00
1783943435,799.97,0.00
1783943451,799.97,0.00
1783943466,799.97,0.00
1783943482,799.97,0.00
1783943497,799.97,0.00
1783943514,799.97,0.00
1783943529,799.96,0.00
1783943545,799.97,0.00
1783943560,799.96,0.00
1783943576,799.96,0.00
1783943591,799.97,0.00
1783943616,799.97,0.00
1783943631,799.97,0.00
1783943648,799.99,0.00
1783943663,799.99,0.00
1783943689,799.98,0.00
1783943704,799.99,0.00
1783943720,799.99,0.00
1783943735,799.98,0.00
1783943751,799.98,0.00
1783943766,799.98,0.00
1783943782,799.98,0.00
1783943797,799.99,0.00
1783943813,800.00,0.00
1783943828,800.00,0.00
1783943844,800.00,0.00
1783943859,800.00,0.00
1783943875,800.00,0.00
1783943890,800.00,0.00
1783943907,799.99,0.00
1783943922,799.99,0.00
1783943938,799.99,0.00
1783943953,800.00,0.00
1783943969,800.00,0.00
1783943984,800.00,0.00
1783944000,800.00,0.00
1783944015,800.00,0.00
1783944031,800.00,0.00
1783944046,800.00,0.00
1783944062,800.00,0.00
1783944077,800.01,0.00
1783944093,800.01,0.00
1783944108,800.00,0.00
1783944124,799.99,0.00
1783944139,799.99,0.00
1783944155,799.98,0.00
1783944170,799.99,0.00
1783944186,799.99,0.00
1783944201,800.01,0.00
1783944217,800.01,0.00
1783944232,800.01,0.00
1783944249,800.01,0.00
1783944264,800.02,0.00
1783944280,800.02,0.00
1783944295,800.01,0.00
1783944311,800.01,0.00
1783944326,800.02,0.00
1783944342,800.02,0.00
1783944357,800.01,0.00
1783944373,800.01,0.00
1783944388,800.01,0.00
1783944404,799.99,0.00
1783944419,799.99,0.00
1783944435,799.97,0.00
1783944450,799.98,0.00
1783944466,800.00,0.00
1783944481,799.99,0.00
1783944497,799.99,0.00
1783944512,800.02,0.00
1783944528,800.01,0.00
1783944543,800.01,0.00
1783944559,800.01,0.00
1783944574,800.01,0.00
1783944602,800.01,0.00
1783944617,800.01,0.00
1783944633,800.01,0.00
1783944648,800.01,0.00
1783944664,799.99,0.00
1783944679,800.00,0.00
1783944696,800.01,0.00
1783944711,800.02,0.00
1783944727,800.02,0.00
1783944742,800.02,0.00
1783944758,800.02,0.00
1783944773,800.02,0.00
1783944789,800.02,0.00
1783944804,800.00,0.00
1783944820,800.00,0.00
1783944835,800.00,0.00
1783944852,800.00,0.00
1783944867,800.00,0.00
1783944883,800.00,0.00
1783944898,800.00,0.00
1783944914,799.99,0.00
1783944929,799.99,0.00
1783944945,799.98,0.00
1783944960,799.99,0.00
1783944975,799.98,0.00
1783944990,799.99,0.00
1783945006,799.99,0.00
1783945021,800.00,0.00
1783945037,800.00,0.00
1783945052,799.99,0.00
1783945068,799.99,0.00
1783945083,799.99,0.00
1783945099,800.00,0.00
1783945114,799.99,0.00
1783945130,799.99,0.00
1783945145,799.98,0.00
1783945161,799.98,0.00
1783945176,799.98,0.00
1783945192,799.98,0.00
1783945207,799.98,0.00
1783945223,799.98,0.00
1783945238,800.00,0.00
1783945254,800.00,0.00
1783945269,800.01,0.00
1783945285,800.01,0.00
1783945300,800.01,0.00
1783945316,800.04,0.00
1783945331,800.05,0.00
1783945348,800.02,0.00
1783945363,800.02,0.00
1783945379,800.00,0.00
1783945394,800.02,0.00
1783945410,800.02,0.00
1783945425,800.02,0.00
1783945441,800.02,0.00
1783945456,800.01,0.00
1783945473,800.01,0.00
1783945488,800.01,0.00
1783945515,799.99,0.00
1783945530,799.99,0.00
1783945546,799.99,0.00
1783945561,799.99,0.00
1783945577,799.98,0.00
1783945592,799.98,0.00
1783945608,799.99,0.00
1783945623,799.99,0.00
1783945639,799.99,0.00
1783945654,799.98,0.00
1783945669,799.98,0.00
1783945684,799.99,0.00
1783945700,799.99,0.00
1783945715,799.99,0.00
1783945731,799.99,0.00
1783945746,800.01,0.00
1783945762,800.09,0.00
1783945777,800.08,0.00
1783945793,800.08,0.00
1783945808,800.07,0.00
1783945824,800.06,0.00
1783945839,800.06,0.00
1783945855,800.06,0.00
1783945870,800.06,0.00
1783945886,800.07,0.00
1783945901,800.07,0.00
1783945917,800.09,0.00
1783945932,800.08,0.00
1783945948,800.09,0.00
1783945963,800.10,0.00
1783945979,800.08,0.00
1783945994,800.08,0.00
1783946010,800.11,0.00
1783946025,800.11,0.00
1783946041,800.12,0.00
1783946056,800.10,0.00
1783946072,800.12,0.00
1783946087,800.13,0.00
1783946104,800.13,0.00
1783946119,800.12,0.00
1783946135,800.20,0.00
1783946150,800.06,0.08
1783946166,800.06,0.08
1783946181,800.06,0.08
1783946197,800.07,0.08
1783946212,800.07,0.08
1783946228,800.07,0.08
1783946243,800.08,0.08
1783946259,800.08,0.08
1783946274,800.02,0.09
1783946290,800.02,0.09
1783946305,800.02,0.09
1783946321,800.02,0.09
1783946336,800.02,0.09
1783946352,800.02,0.09
1783946367,800.02,0.09
1783946383,800.02,0.09
1783946398,800.02,0.09
1783946427,800.02,0.09
1783946442,800.02,0.09
1783946458,800.02,0.09
1783946473,800.02,0.09
1783946489,800.02,0.09
1783946504,800.02,0.09
1783946520,800.02,0.09
1783946535,800.02,0.09
1783946551,800.02,0.09
1783946566,800.02,0.09
1783946582,800.02,0.09
1783946597,800.02,0.09
1783946613,800.02,0.09
1783946628,800.02,0.09
1783946644,800.02,0.09
1783946659,800.03,0.09
1783946675,800.02,0.09
1783946690,800.02,0.09
1783946707,800.02,0.09
1783946722,800.02,0.09
1783946738,800.03,0.09
1783946753,800.02,0.09
1783946769,800.02,0.09
1783946784,800.03,0.09
1783946800,800.03,0.09
1783946815,800.03,0.09
1783946831,800.03,0.09
1783946846,800.03,0.09
1783946862,800.03,0.09
1783946877,800.03,0.09
1783946893,800.02,0.09
1783946908,800.02,0.09
1783946924,800.02,0.09
1783946939,800.02,0.09
1783946955,800.02,0.09
1783946970,800.03,0.09
1783946986,800.03,0.09
1783947001,800.03,0.09
1783947017,800.03,0.09
1783947032,800.03,0.09
1783947048,800.03,0.09
1783947063,800.03,0.09
1783947079,800.03,0.09
1783947094,800.03,0.09
1783947110,800.03,0.09
1783947125,800.03,0.09
1783947141,800.03,0.09
1783947156,800.03,0.09
1783947172,800.03,0.09
1783947187,800.03,0.09
1783947203,800.02,0.09
1783947220,800.02,0.09
1783947235,800.02,0.09
1783947251,800.02,0.09
1783947266,800.02,0.09
1783947282,800.02,0.09
1783947297,800.02,0.09
1783947312,800.02,0.09
1783947327,800.02,0.09
1783947346,800.02,0.09
1783947361,800.02,0.09
1783947377,800.02,0.09
1783947392,800.02,0.09
1783947408,800.02,0.09
1783947423,800.03,0.09
1783947439,800.02,0.09
1783947454,800.02,0.09
1783947470,800.02,0.09
1783947485,800.02,0.09
1783947501,800.02,0.09
1783947516,800.02,0.09
1783947532,800.03,0.09
1783947547,800.03,0.09
1783947563,800.03,0.09
1783947578,800.03,0.09
1783947594,800.03,0.09
1783947609,800.03,0.09
1783947625,800.03,0.09
1783947640,800.03,0.09
1783947656,800.03,0.09
1783947671,800.03,0.09
1783947687,800.03,0.09
1783947702,800.03,0.09
1783947718,800.03,0.09
1783947733,800.03,0.09
1783947749,800.03,0.09
1783947764,800.03,0.09
1783947780,800.04,0.09
1783947795,800.03,0.09
1783947811,800.03,0.09
1783947826,800.02,0.09
1783947842,800.02,0.09
1783947857,800.03,0.09
1783947874,800.04,0.09
1783947889,800.03,0.09
1783947905,800.03,0.09
1783947920,800.03,0.09
1783947938,800.03,0.09
1783947953,800.03,0.09
1783947970,800.04,0.09
1783947985,800.04,0.09
1783948001,800.04,0.09
1783948016,800.04,0.09
1783948032,800.04,0.09
1783948047,800.04,0.09
1783948063,800.04,0.09
1783948078,800.04,0.09
1783948094,800.04,0.09
1783948109,800.04,0.09
1783948125,800.04,0.09
1783948140,800.04,0.09
1783948156,800.04,0.09
1783948171,800.03,0.09
1783948187,800.02,0.09
1783948202,800.02,0.09
1783948218,800.01,0.09
1783948233,799.95,0.09
1783948259,799.95,0.09
1783948274,799.94,0.09
1783948290,799.93,0.09
1783948305,799.93,0.09
1783948322,799.93,0.09
1783948337,799.93,0.09
1783948353,799.93,0.09
1783948368,799.92,0.09
1783948384,799.93,0.09
1783948399,799.93,0.09
1783948415,799.93,0.09
1783948430,799.93,0.09
1783948446,799.93,0.09
1783948461,799.93,0.09
1783948477,799.93,0.09
1783948492,799.93,0.09
1783948508,799.93,0.09
1783948523,799.92,0.09
1783948540,799.92,0.09
1783948555,799.93,0.09
1783948571,799.93,0.09
1783948586,799.93,0.09
1783948602,799.93,0.09
1783948617,799.92,0.09
1783948634,799.92,0.09
1783948649,799.92,0.09
1783948665,799.92,0.09
1783948680,799.92,0.09
1783948696,799.92,0.09
1783948711,799.92,0.09
1783948727,799.92,0.09
1783948742,799.92,0.09
1783948758,799.92,0.09
1783948773,799.91,0.09
1783948789,799.91,0.09
1783948804,799.91,0.09
1783948820,799.87,0.09
1783948835,799.87,0.09
1783948851,799.88,0.09
1783948866,799.88,0.09
1783948883,799.88,0.09
1783948898,799.90,0.09
1783948914,799.90,0.09
1783948929,799.91,0.09
1783948945,799.91,0.09
1783948960,799.91,0.09
1783948976,799.91,0.09
1783948991,799.91,0.09
1783949007,799.91,0.09
1783949022,799.92,0.09
1783949038,799.92,0.09
1783949053,799.92,0.09
1783949069,799.93,0.09
1783949084,799.93,0.09
1783949100,799.93,0.09
1783949115,799.92,0.09
1783949131,799.92,0.09
1783949146,799.93,0.09
1783949175,799.93,0.09
1783949190,799.93,0.09
1783949206,799.92,0.09
1783949221,799.93,0.09
1783949237,799.93,0.09
1783949252,799.93,0.09
1783949268,799.94,0.09
1783949283,799.94,0.09
1783949299,799.94,0.09
1783949314,799.94,0.09
1783949330,799.94,0.09
1783949345,799.94,0.09
1783949361,799.94,0.09
1783949376,799.94,0.09
1783949392,799.93,0.09
1783949407,799.93,0.09
1783949423,799.93,0.09
1783949438,799.94,0.09
1783949454,799.94,0.09
1783949469,799.95,0.09
1783949485,799.95,0.09
1783949500,799.94,0.09
1783949517,799.95,0.09
1783949532,799.95,0.09
1783949548,799.95,0.09
1783949563,799.95,0.09
1783949578,799.96,0.09
1783949593,799.96,0.09
1783949610,799.96,0.09
1783949625,799.97,0.09
1783949641,799.97,0.09
1783949656,799.97,0.09
1783949672,799.97,0.09
1783949687,799.96,0.09
1783949703,799.97,0.09
1783949718,799.97,0.09
1783949734,799.97,0.09
1783949749,799.97,0.09
1783949768,799.97,0.09
1783949783,799.96,0.09
1783949799,799.97,0.09
1783949814,799.96,0.09
1783949830,799.96,0.09
1783949845,799.96,0.09
1783949861,799.96,0.09
1783949876,799.96,0.09
1783949892,799.95,0.09
1783949907,799.95,0.09
1783949923,799.95,0.09
1783949938,799.95,0.09
1783949954,799.95,0.09
1783949969,799.95,0.09
1783949985,799.95,0.09
1783950000,799.94,0.09
1783950016,799.94,0.09
1783950031,799.94,0.09
1783950047,799.94,0.09
1783950062,799.93,0.09
1783950088,799.92,0.09
1783950103,799.92,0.09
1783950119,799.89,0.09
1783950134,799.90,0.09
1783950150,799.90,0.09
1783950165,799.89,0.09
1783950181,799.89,0.09
1783950196,799.89,0.09
1783950212,799.89,0.09
1783950227,799.89,0.09
1783950243,799.89,0.09
1783950258,799.89,0.09
1783950274,799.89,0.09
1783950289,799.89,0.09
1783950305,799.90,0.09
1783950320,799.90,0.09
1783950337,799.90,0.09
1783950352,799.90,0.09
1783950371,799.91,0.09
1783950386,799.90,0.09
1783950402,799.91,0.09
1783950417,799.91,0.09
1783950433,799.90,0.09
1783950448,799.90,0.09
1783950464,799.89,0.09
1783950479,799.89,0.09
1783950495,799.90,0.09
1783950511,799.90,0.09
1783950527,799.89,0.09
1783950542,799.89,0.09
1783950558,799.89,0.09
1783950573,799.89,0.09
1783950589,799.90,0.09
1783950604,799.90,0.09
1783950620,799.89,0.09
1783950635,799.90,0.09
1783950652,799.90,0.09
1783950667,799.89,0.09
1783950683,799.86,0.10
1783950698,799.82,0.11
1783950714,799.81,0.11
1783950729,799.80,0.11
1783950745,799.80,0.11
1783950760,799.80,0.11
1783950776,799.81,0.11
1783950791,799.81,0.11
1783950807,799.81,0.11
1783950824,799.81,0.11
1783950839,799.81,0.11
1783950855,799.82,0.11
1783950870,799.82,0.11
1783950886,799.81,0.11
1783950901,799.81,0.11
1783950917,799.81,0.11
1783950932,799.81,0.11
1783950948,799.81,0.11
1783950963,799.82,0.11
1783950981,799.82,0.11
1783950996,799.82,0.11
1783951014,799.82,0.11
1783951029,799.82,0.11
1783951045,799.82,0.11
1783951060,799.83,0.11
1783951076,799.83,0.11
1783951091,799.83,0.11
1783951107,799.83,0.11
1783951122,799.82,0.11
1783951139,799.82,0.11
1783951154,799.83,0.11
1783951170,799.83,0.11
1783951185,799.83,0.11
1783951201,799.83,0.11
1783951216,799.83,0.11
1783951232,799.83,0.11
1783951247,799.83,0.11
1783951263,799.83,0.11
1783951278,799.83,0.11
1783951294,799.83,0.11
1783951309,799.83,0.11
1783951325,799.83,0.11
1783951340,799.83,0.11
1783951356,799.82,0.11
1783951371,799.82,0.11
1783951387,799.82,0.11
1783951402,799.82,0.11
1783951418,799.83,0.11
1783951433,799.83,0.11
1783951450,799.84,0.11
1783951465,799.83,0.11
1783951481,799.83,0.11
1783951496,799.83,0.11
1783951512,799.82,0.11
1783951527,799.82,0.11
1783951543,799.82,0.11
1783951558,799.82,0.11
1783951575,799.82,0.11
1783951590,799.82,0.11
1783951606,799.83,0.11
1783951621,799.82,0.11
1783951638,799.83,0.11
1783951653,799.83,0.11
1783951669,799.82,0.11
1783951684,799.82,0.11
1783951700,799.83,0.11
1783951715,799.83,0.11
1783951732,799.83,0.11
1783951747,799.82,0.11
1783951763,799.83,0.11
1783951778,799.83,0.11
1783951794,799.83,0.11
1783951809,799.83,0.11
1783951826,799.83,0.11
1783951841,799.83,0.11
1783951857,799.83,0.11
1783951872,799.83,0.11
1783951888,799.84,0.11
1783951903,799.84,0.11
1783951932,799.84,0.11
1783951947,799.83,0.11
1783951963,799.84,0.11
1783951978,799.83,0.11
1783951994,799.84,0.11
1783952009,799.84,0.11
1783952025,799.84,0.11
1783952040,799.84,0.11
1783952056,799.84,0.11
1783952071,799.84,0.11
1783952087,799.84,0.11
1783952102,799.84,0.11
1783952118,799.85,0.11
1783952133,799.84,0.11
1783952149,799.84,0.11
1783952164,799.84,0.11
1783952183,799.84,0.11
1783952198,799.85,0.11
1783952214,799.79,0.11
1783952229,799.81,0.11
1783952245,799.82,0.11
1783952260,799.81,0.11
1783952276,799.83,0.11
1783952291,799.83,0.11
1783952307,799.83,0.11
1783952322,799.83,0.11
1783952338,799.84,0.11
1783952353,799.84,0.11
1783952370,799.84,0.11
1783952385,799.85,0.11
1783952401,799.85,0.11
1783952416,799.86,0.11
1783952432,799.86,0.11
1783952447,799.85,0.11
1783952463,799.85,0.11
1783952478,799.85,0.11
1783952494,799.85,0.11
1783952509,799.84,0.11
1783952525,799.84,0.11
1783952540,799.84,0.11
1783952557,799.84,0.11
1783952572,799.84,0.11
1783952588,799.83,0.11
1783952603,799.84,0.11
1783952619,799.84,0.11
1783952634,799.85,0.11
1783952650,799.85,0.11
1783952665,799.85,0.11
1783952681,799.85,0.11
1783952696,799.85,0.11
1783952713,799.85,0.11
1783952728,799.85,0.11
1783952744,799.86,0.11
1783952759,799.86,0.11
1783952775,799.88,0.11
1783952790,799.88,0.11
1783952808,799.87,0.11
1783952823,799.87,0.11
1783952849,799.87,0.11
1783952864,799.87,0.11
1783952880,799.87,0.11
1783952895,799.87,0.11
1783952912,799.88,0.11
1783952927,799.87,0.11
1783952943,799.87,0.11
1783952958,799.87,0.11
1783952974,799.87,0.11
1783952989,799.87,0.11
1783953006,799.87,0.11
1783953021,799.87,0.11
1783953037,799.88,0.11
1783953052,799.88,0.11
1783953068,799.87,0.11
1783953083,799.87,0.11
1783953099,799.87,0.11
1783953114,799.87,0.11
1783953130,799.88,0.11
1783953145,799.88,0.11
1783953161,799.88,0.11
1783953176,799.89,0.11
1783953192,799.88,0.11
1783953207,799.88,0.11
1783953223,799.89,0.11
1783953238,799.89,0.11
1783953254,799.87,0.11
1783953269,799.88,0.11
1783953286,799.88,0.11
1783953301,799.88,0.11
1783953317,799.88,0.11
1783953332,799.87,0.11
1783953348,799.87,0.11
1783953363,799.87,0.11
1783953379,799.86,0.11
1783953394,799.86,0.11
1783953411,799.86,0.11
1783953426,799.87,0.11
1783953442,799.86,0.11
1783953457,799.86,0.11
1783953474,799.86,0.11
1783953489,799.86,0.11
1783953505,799.87,0.11
1783953520,799.87,0.11
1783953536,799.87,0.11
1783953551,799.86,0.11
1783953567,799.88,0.11
1783953582,799.88,0.11
1783953598,799.89,0.11
1783953613,799.89,0.11
1783953629,799.88,0.11
1783953644,799.88,0.11
1783953661,799.88,0.11
1783953676,799.88,0.11
1783953692,799.88,0.11
1783953707,799.88,0.11
1783953723,799.87,0.11
1783953738,799.87,0.11
1783953768,799.87,0.11
1783953783,799.87,0.11
1783953800,799.87,0.11
1783953815,799.87,0.11
1783953831,799.87,0.11
1783953846,799.87,0.11
1783953863,799.88,0.11
1783953878,799.88,0.11
1783953894,799.88,0.11
1783953909,799.88,0.11
1783953925,799.87,0.11
1783953940,799.87,0.11
1783953956,799.88,0.11
1783953971,799.88,0.11
1783953988,799.88,0.11
1783954003,799.89,0.11
1783954020,799.89,0.11
1783954035,799.88,0.11
1783954052,799.88,0.11
1783954067,799.88,0.11
1783954083,799.89,0.11
1783954098,799.89,0.11
1783954114,799.90,0.11
1783954129,799.90,0.11
1783954145,799.90,0.11
1783954160,799.90,0.11
1783954176,799.90,0.11
1783954191,799.90,0.11
1783954207,799.90,0.11
1783954222,799.90,0.11
1783954239,799.90,0.11
1783954254,799.89,0.11
1783954270,799.88,0.11
1783954285,799.89,0.11
1783954301,799.89,0.11
1783954316,799.89,0.11
1783954332,799.89,0.11
1783954347,799.89,0.11
1783954363,799.89,0.11
1783954378,799.89,0.11
1783954394,799.89,0.11
1783954409,799.89,0.11
1783954426,799.89,0.11
1783954443,799.89,0.11
1783954458,799.89,0.11
1783954474,799.89,0.11
1783954489,799.88,0.11
1783954505,799.89,0.11
1783954520,799.89,0.11
1783954536,799.89,0.11
1783954551,799.90,0.11
1783954567,799.90,0.11
1783954582,799.90,0.11
1783954599,799.90,0.11
1783954614,799.90,0.11
1783954631,799.90,0.11
1783954646,799.90,0.11
1783954662,799.90,0.11
1783954677,799.91,0.11
1783954694,799.90,0.11
1783954709,799.90,0.11
1783954726,799.90,0.11
1783954741,799.90,0.11
1783954757,799.91,0.11
1783954772,799.91,0.11
1783954788,799.91,0.11
1783954803,799.91,0.11
1783954819,799.91,0.11
1783954834,799.91,0.11
1783954850,799.91,0.11
1783954865,799.92,0.11
1783954881,799.92,0.11
1783954896,799.92,0.11
1783954912,799.92,0.11
1783954927,799.91,0.11
1783954943,799.90,0.11
1783954958,799.90,0.11
1783954974,799.90,0.11
1783954989,799.90,0.11
1783955006,799.90,0.11
1783955021,799.90,0.11
1783955037,799.90,0.11
1783955052,799.90,0.11
1783955069,799.90,0.11
1783955084,799.89,0.11
1783955100,799.89,0.11
1783955120,799.90,0.11
1783955137,799.90,0.11
1783955152,799.90,0.11
1783955168,799.90,0.11
1783955183,799.90,0.11
1783955200,799.91,0.11
1783955215,799.90,0.11
1783955232,799.90,0.11
1783955247,799.90,0.11
1783955264,799.90,0.11
1783955279,799.91,0.11
1783955295,799.91,0.11
1783955310,799.91,0.11
1783955326,799.90,0.11
1783955341,799.90,0.11
1783955358,799.90,0.11
1783955373,799.90,0.11
1783955389,799.90,0.11
1783955404,799.91,0.11
1783955421,799.91,0.11
1783955436,799.91,0.11
1783955452,799.91,0.11
1783955467,799.91,0.11
1783955483,799.91,0.11
1783955498,799.91,0.11
1783955514,799.92,0.11
1783955529,799.91,0.11
1783955545,799.91,0.11
1783955560,799.91,0.11
1783955576,799.91,0.11
1783955591,799.91,0.11
1783955620,799.91,0.11
1783955635,799.91,0.11
1783955651,799.92,0.11
1783955666,799.91,0.11
1783955683,799.91,0.11
1783955698,799.91,0.11
1783955714,799.91,0.11
1783955729,799.91,0.11
1783955746,799.91,0.11
1783955761,799.91,0.11
1783955779,799.91,0.11
1783955794,799.91,0.11
1783955812,799.92,0.11
1783955827,799.92,0.11
1783955845,799.92,0.11
1783955860,799.92,0.11
1783955878,799.93,0.11
1783955893,799.93,0.12
1783955912,799.88,0.15
1783955927,799.88,0.15
1783955943,799.88,0.15
1783955958,799.88,0.15
1783955975,799.88,0.15
1783955990,799.88,0.15
1783956009,799.88,0.15
1783956024,799.88,0.15
1783956041,799.87,0.15
1783956056,799.87,0.15
1783956073,799.87,0.15
1783956088,799.87,0.15
1783956105,799.88,0.15
1783956120,799.88,0.15
1783956138,799.87,0.15
1783956153,799.88,0.15
1783956170,799.87,0.15
1783956185,799.86,0.15
1783956202,799.85,0.15
1783956217,799.84,0.15
1783956234,799.85,0.15
1783956249,799.85,0.15
1783956266,799.85,0.15
1783956281,799.85,0.15
1783956299,799.85,0.15
1783956314,799.85,0.15
1783956332,799.85,0.15
1783956347,799.85,0.15
1783956364,799.85,0.15
1783956379,799.85,0.15
1783956396,799.85,0.15
1783956411,799.86,0.15
1783956428,799.85,0.15
1783956443,799.85,0.15
1783956462,799.85,0.15
1783956477,799.85,0.15
1783956495,799.85,0.15
1783956510,799.86,0.15
1783956536,799.86,0.15
1783956551,799.86,0.15
1783956568,799.86,0.15
1783956583,799.86,0.15
1783956601,799.86,0.15
1783956616,799.86,0.15
1783956633,799.86,0.15
1783956648,799.86,0.15
1783956665,799.86,0.15
1783956680,799.86,0.15
1783956697,799.86,0.15
1783956712,799.86,0.15
1783956729,799.86,0.15
1783956744,799.85,0.15
1783956762,799.85,0.15
1783956777,799.86,0.15
1783956794,799.85,0.15
1783956809,799.85,0.15
1783956827,799.85,0.15
1783956842,799.85,0.15
1783956859,799.85,0.15
1783956874,799.85,0.15
1783956891,799.85,0.15
1783956906,799.84,0.15
1783956923,799.84,0.15
1783956938,799.84,0.15
1783956955,799.84,0.15
1783956970,799.84,0.15
1783956988,799.84,0.15
1783957003,799.84,0.15
1783957020,799.84,0.15
1783957035,799.84,0.15
1783957053,799.84,0.15
1783957068,799.83,0.15
1783957086,799.83,0.15
1783957101,799.83,0.15
1783957119,799.83,0.15
1783957134,799.83,0.15
1783957151,799.83,0.15
1783957166,799.83,0.15
1783957183,799.83,0.15
1783957198,799.83,0.15
1783957215,799.83,0.15
1783957230,799.83,0.15
1783957248,799.83,0.15
1783957263,799.83,0.15
1783957280,799.82,0.15
1783957295,799.82,0.15
1783957312,799.82,0.15
1783957327,799.82,0.15
1783957344,799.82,0.15
1783957359,799.82,0.15
1783957376,799.82,0.15
1783957391,799.83,0.15
1783957408,799.83,0.15
1783957423,799.83,0.15
1783957450,799.83,0.15
1783957465,799.83,0.15
1783957482,799.83,0.15
1783957497,799.83,0.15
1783957515,799.83,0.15
1783957530,799.82,0.15
1783957548,799.82,0.15
1783957563,799.82,0.15
1783957580,799.83,0.15
1783957595,799.83,0.15
1783957613,799.83,0.15
1783957628,799.83,0.15
1783957646,799.83,0.15
1783957661,799.83,0.15
1783957678,799.83,0.15
1783957693,799.83,0.15
1783957711,799.83,0.15
1783957726,799.83,0.15
1783957743,799.83,0.15
1783957758,799.83,0.15
1783957775,799.83,0.15
1783957790,799.83,0.15
1783957808,799.83,0.15
1783957823,799.82,0.15
1783957840,799.83,0.15
1783957855,799.83,0.15
1783957872,799.83,0.15
1783957887,799.83,0.15
1783957904,799.83,0.15
1783957919,799.83,0.15
1783957936,799.82,0.15
1783957951,799.82,0.15
1783957969,799.82,0.15
1783957984,799.82,0.15
1783958001,799.82,0.15
1783958023,799.82,0.15
1783958040,799.82,0.15
1783958055,799.83,0.15
1783958072,799.82,0.15
1783958087,799.82,0.15
1783958104,799.82,0.15
1783958119,799.82,0.15
1783958136,799.82,0.15
1783958151,799.82,0.15
1783958168,799.82,0.15
1783958183,799.82,0.15
1783958200,799.82,0.15
1783958215,799.82,0.15
1783958232,799.82,0.15
1783958247,799.82,0.15
1783958264,799.82,0.15
1783958279,799.82,0.15
1783958296,799.82,0.15
1783958311,799.82,0.15
1783958329,799.82,0.15
1783958344,799.82,0.15
1783958372,799.82,0.15
1783958387,799.82,0.15
1783958404,799.83,0.15
1783958419,799.82,0.15
1783958436,799.82,0.15
1783958451,799.82,0.15
1783958469,799.82,0.15
1783958484,799.82,0.15
1783958501,799.81,0.15
1783958516,799.81,0.15
1783958533,799.81,0.15
1783958548,799.81,0.15
1783958565,799.81,0.15
1783958580,799.81,0.15
1783958597,799.81,0.15
1783958612,799.82,0.15
1783958629,799.82,0.15
1783958644,799.82,0.15
1783958662,799.82,0.15
1783958677,799.82,0.15
1783958693,799.82,0.15
1783958708,799.82,0.15
1783958725,799.82,0.15
1783958740,799.82,0.15
1783958757,799.82,0.15
1783958772,799.81,0.15
1783958789,799.81,0.15
1783958804,799.81,0.15
1783958821,799.81,0.15
1783958836,799.81,0.15
1783958853,799.81,0.15
1783958868,799.81,0.15
1783958885,799.81,0.15
1783958900,799.81,0.15
1783958917,799.81,0.15
1783958932,799.81,0.15
1783958949,799.81,0.15
1783958964,799.82,0.15
1783958981,799.82,0.15
1783958996,799.82,0.15
1783959013,799.81,0.15
1783959028,799.81,0.15
1783959045,799.82,0.15
1783959060,799.82,0.15
1783959076,799.82,0.15
1783959091,799.82,0.15
1783959108,799.82,0.15
1783959123,799.81,0.15
1783959140,799.81,0.15
1783959155,799.81,0.15
1783959171,799.81,0.15
1783959186,799.81,0.15
1783959203,799.81,0.15
1783959218,799.81,0.15
1783959235,799.81,0.15
1783959250,799.81,0.15
1783959277,799.81,0.15
1783959292,799.81,0.15
1783959310,799.81,0.15
1783959325,799.81,0.15
1783959342,799.80,0.15
1783959357,799.80,0.15
1783959374,799.80,0.15
1783959389,799.80,0.15
1783959406,799.80,0.15
1783959421,799.80,0.15
1783959438,799.80,0.15
1783959453,799.80,0.15
1783959470,799.80,0.15
1783959485,799.80,0.15
1783959501,799.79,0.15
1783959516,799.79,0.15
1783959534,799.79,0.15
1783959549,799.78,0.15
1783959567,799.78,0.15
1783959582,799.79,0.15
1783959598,799.78,0.15
1783959613,799.78,0.15
1783959630,799.77,0.15
1783959645,799.77,0.15
1783959662,799.77,0.15
1783959677,799.77,0.15
1783959694,799.77,0.15
1783959709,799.78,0.15
1783959726,799.78,0.15
1783959741,799.77,0.15
1783959758,799.77,0.15
1783959773,799.77,0.15
1783959789,799.77,0.15
1783959804,799.77,0.15
1783959821,799.77,0.15
1783959836,799.77,0.15
1783959853,799.77,0.15
1783959868,799.77,0.15
1783959885,799.77,0.15
1783959900,799.77,0.15
1783959917,799.77,0.15
1783959932,799.77,0.15
1783959949,799.78,0.15
1783959964,799.77,0.15
1783959981,799.77,0.15
1783959996,799.77,0.15
1783960013,799.77,0.15
1783960028,799.77,0.15
1783960045,799.77,0.15
1783960060,799.77,0.15
1783960077,799.77,0.15
1783960092,799.77,0.15
1783960109,799.77,0.15
1783960124,799.77,0.15
1783960141,799.77,0.15
1783960156,799.77,0.15
1783960186,799.78,0.15
1783960201,799.78,0.15
1783960217,799.77,0.15
1783960232,799.77,0.15
1783960250,799.76,0.15
1783960265,799.76,0.15
1783960281,799.76,0.15
1783960296,799.77,0.15
1783960313,799.77,0.15
1783960328,799.77,0.15
1783960344,799.77,0.15
1783960359,799.77,0.15
1783960376,799.77,0.15
1783960391,799.78,0.15
1783960408,799.78,0.15
1783960423,799.77,0.15
1783960440,799.77,0.15
1783960455,799.77,0.15
1783960472,799.77,0.15
1783960487,799.77,0.15
1783960503,799.77,0.15
1783960518,799.77,0.15
1783960535,799.76,0.15
1783960550,799.76,0.15
1783960567,799.76,0.15
1783960582,799.76,0.15
1783960599,799.76,0.15
1783960614,799.76,0.15
1783960629,799.76,0.15
1783960645,799.76,0.15
1783960660,799.76,0.15
1783960677,799.76,0.15
1783960692,799.76,0.15
1783960709,799.76,0.15
1783960724,799.76,0.15
1783960741,799.76,0.15
1783960756,799.76,0.15
1783960772,799.76,0.15
1783960787,799.77,0.15
1783960805,799.77,0.15
1783960820,799.78,0.15
1783960837,799.77,0.15
1783960852,799.77,0.15
1783960868,799.77,0.15
1783960883,799.77,0.15
1783960900,799.78,0.15
1783960915,799.78,0.15
1783960932,799.78,0.15
1783960947,799.78,0.15
1783960963,799.78,0.15
1783960978,799.78,0.15
1783960995,799.78,0.15
1783961010,799.78,0.15
1783961027,799.78,0.15
1783961042,799.78,0.15
1783961058,799.78,0.15
1783961073,799.78,0.15
1783961091,799.78,0.15
1783961109,799.78,0.15
1783961126,799.79,0.15
1783961141,799.79,0.15
1783961157,799.79,0.15
1783961172,799.78,0.15
1783961188,799.79,0.15
1783961203,799.79,0.15
1783961219,799.79,0.15
1783961234,799.79,0.15
1783961250,799.78,0.15
1783961265,799.78,0.15
1783961281,799.79,0.15
1783961296,799.79,0.15
1783961312,799.78,0.15
1783961327,799.78,0.15
1783961343,799.78,0.15
1783961358,799.78,0.15
1783961378,799.78,0.15
1783961393,799.79,0.15
1783961411,799.78,0.15
1783961426,799.78,0.15
1783961442,799.77,0.15
1783961457,799.77,0.15
1783961473,799.77,0.15
1783961488,799.77,0.15
1783961505,799.77,0.15
1783961520,799.77,0.15
1783961536,799.77,0.15
1783961551,799.77,0.15
1783961567,799.77,0.15
1783961582,799.77,0.15
1783961599,799.77,0.15
1783961614,799.77,0.15
1783961630,799.77,0.15
1783961646,799.77,0.15
1783961661,799.77,0.15
1783961677,799.77,0.15
1783961692,799.77,0.15
1783961709,799.77,0.15
1783961724,799.76,0.15
1783961740,799.76,0.15
1783961755,799.76,0.15
1783961771,799.76,0.15
1783961786,799.76,0.15
1783961803,799.76,0.15
1783961818,799.76,0.15
1783961834,799.76,0.15
1783961849,799.76,0.15
1783961865,799.76,0.15
1783961880,799.76,0.15
1783961897,799.76,0.15
1783961912,799.76,0.15
1783961928,799.76,0.15
1783961943,799.76,0.15
1783961959,799.76,0.15
1783961974,799.76,0.15
1783961991,799.76,0.15
1783962006,799.76,0.15
1783962023,799.76,0.15
1783962038,799.76,0.15
1783962055,799.76,0.15
1783962070,799.77,0.15
1783962086,799.77,0.15
1783962101,799.77,0.15
1783962117,799.77,0.15
1783962132,799.77,0.15
1783962148,799.77,0.15
1783962163,799.77,0.15
1783962180,799.77,0.15
1783962195,799.77,0.15
1783962211,799.77,0.15
1783962226,799.77,0.15
1783962242,799.77,0.15
1783962257,799.77,0.15
1783962274,799.77,0.15
1783962289,799.76,0.15
1783962305,799.76,0.15
1783962320,799.76,0.15
1783962336,799.76,0.15
1783962351,799.76,0.15
1783962367,799.76,0.15
1783962382,799.76,0.15
1783962398,799.77,0.15
1783962413,799.77,0.15
1783962429,799.77,0.15
1783962444,799.77,0.15
1783962460,799.77,0.15
1783962475,799.78,0.15
1783962492,799.77,0.15
1783962507,799.77,0.15
1783962523,799.77,0.15
1783962538,799.77,0.15
1783962554,799.77,0.15
1783962569,799.77,0.15
1783962585,799.77,0.15
1783962600,799.77,0.15
1783962617,799.77,0.15
1783962632,799.78,0.15
1783962649,799.78,0.15
1783962664,799.77,0.15
1783962680,799.77,0.15
1783962695,799.77,0.15
1783962712,799.77,0.15
1783962727,799.77,0.15
1783962743,799.77,0.15
1783962758,799.77,0.15
1783962774,799.77,0.15
1783962789,799.77,0.15
1783962805,799.77,0.15
1783962820,799.77,0.15
1783962837,799.77,0.15
1783962852,799.77,0.15
1783962868,799.77,0.15
1783962883,799.77,0.15
1783962910,799.77,0.15
1783962925,799.77,0.15
1783962941,799.77,0.15
1783962956,799.77,0.15
1783962972,799.76,0.15
1783962987,799.76,0.15
1783963003,799.76,0.15
1783963018,799.76,0.15
1783963035,799.76,0.15
1783963050,799.76,0.15
1783963066,799.76,0.15
1783963081,799.76,0.15
1783963097,799.76,0.15
1783963112,799.76,0.15
1783963129,799.76,0.15
1783963144,799.76,0.15
1783963160,799.76,0.15
1783963175,799.76,0.15
1783963191,799.76,0.15
1783963206,799.76,0.15
1783963222,799.76,0.15
1783963237,799.76,0.15
1783963255,799.76,0.15
1783963270,799.76,0.15
1783963286,799.76,0.15
1783963301,799.76,0.15
1783963317,799.76,0.15
1783963332,799.76,0.15
1783963348,799.76,0.15
1783963363,799.76,0.15
1783963379,799.76,0.15
1783963394,799.76,0.15
1783963411,799.76,0.15
1783963426,799.76,0.15
1783963442,799.76,0.15
1783963457,799.75,0.15
1783963473,799.75,0.15
1783963488,799.75,0.15
1783963504,799.75,0.15
1783963519,799.75,0.15
1783963535,799.75,0.15
1783963550,799.75,0.15
1783963566,799.75,0.15
1783963581,799.75,0.15
1783963598,799.75,0.15
1783963613,799.75,0.15
1783963629,799.75,0.15
1783963644,799.75,0.15
1783963660,799.75,0.15
1783963675,799.75,0.15
1783963692,799.75,0.15
1783963707,799.75,0.15
1783963723,799.75,0.15
1783963738,799.75,0.15
1783963754,799.75,0.15
1783963769,799.75,0.15
1783963785,799.75,0.15
1783963800,799.75,0.15
1783963828,799.75,0.15
1783963843,799.75,0.15
1783963860,799.75,0.15
1783963875,799.75,0.15
1783963892,799.75,0.15
1783963907,799.75,0.15
1783963923,799.75,0.15
1783963938,799.75,0.15
1783963954,799.74,0.15
1783963969,799.74,0.15
1783963985,799.74,0.15
1783964000,799.74,0.15
1783964016,799.74,0.15
1783964031,799.74,0.15
1783964047,799.74,0.15
1783964062,799.75,0.15
1783964079,799.75,0.15
1783964094,799.75,0.15
1783964110,799.74,0.15
1783964125,799.74,0.15
1783964141,799.74,0.15
1783964156,799.74,0.15
1783964172,799.74,0.15
1783964187,799.74,0.15
1783964204,799.74,0.15
1783964219,799.72,0.15
1783964235,799.72,0.15
1783964250,799.72,0.15
1783964266,799.73,0.15
1783964281,799.73,0.15
1783964297,799.73,0.15
1783964312,799.72,0.15
1783964328,799.72,0.15
1783964343,799.72,0.15
1783964359,799.73,0.15
1783964374,799.73,0.15
1783964391,799.73,0.15
1783964406,799.73,0.15
1783964422,799.72,0.15
1783964437,799.72,0.15
1783964453,799.72,0.15
1783964468,799.72,0.15
1783964485,799.73,0.15
1783964500,799.73,0.15
1783964516,799.73,0.15
1783964531,799.73,0.15
1783964547,799.73,0.15
1783964562,799.73,0.15
1783964579,799.73,0.15
1783964594,799.72,0.15
1783964610,799.72,0.15
1783964625,799.73,0.15
1783964641,799.73,0.15
1783964656,799.73,0.15
1783964673,799.73,0.15
1783964688,799.73,0.15
1783964704,799.73,0.15
1783964719,799.74,0.15
1783964745,799.74,0.15
1783964760,799.74,0.15
1783964776,799.74,0.15
1783964791,799.74,0.15
1783964807,799.74,0.15
1783964822,799.73,0.15
1783964838,799.73,0.15
1783964853,799.73,0.15
1783964870,799.73,0.15
1783964885,799.73,0.15
1783964901,799.73,0.15
1783964916,799.73,0.15
1783964932,799.73,0.15
1783964947,799.73,0.15
1783964963,799.73,0.15
1783964978,799.73,0.15
1783964994,799.72,0.15
1783965009,799.72,0.15
1783965025,799.72,0.15
1783965040,799.72,0.15
1783965056,799.72,0.15
1783965071,799.72,0.15
1783965088,799.72,0.15
1783965103,799.72,0.15
1783965120,799.71,0.15
1783965135,799.71,0.15
1783965151,799.72,0.15
1783965166,799.72,0.15
1783965182,799.72,0.15
1783965197,799.72,0.15
1783965213,799.72,0.15
1783965229,799.72,0.15
1783965244,799.72,0.15
1783965261,799.72,0.15
1783965276,799.72,0.15
1783965292,799.72,0.15
1783965307,799.72,0.15
1783965323,799.72,0.15
1783965338,799.72,0.15
1783965355,799.72,0.15
1783965370,799.72,0.15
1783965386,799.72,0.15
1783965401,799.72,0.15
1783965417,799.72,0.15
1783965432,799.72,0.15
1783965448,799.72,0.15
1783965463,799.72,0.15
1783965479,799.70,0.16
1783965494,799.66,0.20
1783965510,799.67,0.20
1783965525,799.67,0.20
1783965541,799.63,0.20
1783965556,799.57,-0.13
1783965573,799.56,-0.13
1783965588,799.57,-0.13
1783965604,799.57,-0.13
1783965619,799.57,-0.13
1783965635,799.57,-0.13
1783965650,799.58,-0.13
1783965666,799.58,-0.13
1783965681,799.59,-0.13
1783965699,799.59,-0.13
1783965714,799.58,-0.13
1783965730,799.58,-0.13
1783965745,799.59,-0.13
1783965761,799.59,-0.13
1783965776,799.58,-0.13
1783965792,799.57,-0.13
1783965807,799.57,-0.13
1783965823,799.58,-0.13
1783965838,799.57,-0.13
1783965855,799.58,-0.13
1783965870,799.57,-0.13
1783965886,799.57,-0.13
1783965901,799.58,-0.13
1783965917,799.58,-0.13
1783965932,799.57,-0.13
1783965948,799.58,-0.13
1783965963,799.58,-0.13
1783965979,799.58,-0.13
1783965994,799.58,-0.13
1783966010,799.58,-0.13
1783966025,799.58,-0.13
1783966041,799.58,-0.13
1783966056,799.58,-0.13
1783966072,799.58,-0.13
1783966087,799.58,-0.13
1783966104,799.58,-0.13
1783966119,799.58,-0.13
1783966135,799.58,-0.13
1783966150,799.58,-0.13
1783966166,799.58,-0.13
1783966181,799.58,-0.13
1783966197,799.58,-0.13
1783966212,799.57,-0.13
1783966228,799.57,-0.13
1783966243,799.57,-0.13
1783966259,799.57,-0.13
1783966274,799.57,-0.13
1783966290,799.57,-0.13
1783966305,799.57,-0.13
1783966322,799.57,-0.13
1783966337,799.57,-0.13
1783966354,799.56,-0.13
1783966369,799.56,-0.13
1783966385,799.56,-0.13
1783966400,799.57,-0.13
1783966416,799.57,-0.13
1783966431,799.57,-0.13
1783966447,799.59,-0.13
1783966462,799.59,-0.13
1783966478,799.58,-0.13
1783966493,799.58,-0.13
1783966509,799.59,-0.13
1783966524,799.58,-0.13
1783966540,799.58,-0.13
1783966555,799.58,-0.13
1783966581,799.58,-0.13
1783966596,799.59,-0.13
1783966612,799.59,-0.13
1783966627,799.59,-0.13
1783966643,799.59,-0.13
1783966658,799.59,-0.13
1783966674,799.60,-0.13
1783966689,799.59,-0.13
1783966705,799.59,-0.13
1783966720,799.59,-0.13
1783966736,799.60,-0.13
1783966751,799.58,-0.13
1783966767,799.59,-0.13
1783966782,799.57,-0.13
1783966799,799.52,-0.44
1783966814,799.52,-0.44
1783966830,799.52,-0.44
1783966845,799.46,-0.42
1783966861,799.44,-0.42
1783966876,799.43,-0.42
1783966892,799.43,-0.42
1783966907,799.43,-0.42
1783966924,799.43,-0.42
1783966939,799.43,-0.42
1783966955,799.43,-0.42
1783966970,799.43,-0.42
1783966986,799.43,-0.42
1783967001,799.43,-0.42
1783967017,799.43,-0.42
1783967032,799.42,-0.42
1783967048,799.40,-0.42
1783967063,799.40,-0.42
1783967080,799.39,-0.42
1783967095,799.39,-0.42
1783967111,799.39,-0.42
1783967126,799.39,-0.42
1783967142,799.40,-0.42
1783967157,799.39,-0.42
1783967173,799.39,-0.42
1783967188,799.40,-0.42
1783967204,799.39,-0.42
1783967219,799.39,-0.42
1783967237,799.39,-0.42
1783967252,799.39,-0.42
1783967269,799.39,-0.42
1783967284,799.39,-0.42
1783967301,799.39,-0.42
1783967316,799.39,-0.42
1783967334,799.39,-0.42
1783967349,799.39,-0.42
1783967366,799.39,-0.42
1783967381,799.39,-0.42
1783967398,799.39,-0.42
1783967413,799.39,-0.42
1783967431,799.39,-0.42
1783967446,799.39,-0.42
1783967463,799.39,-0.42
1783967478,799.39,-0.42
1783967495,799.39,-0.42
1783967510,799.39,-0.42
1783967528,799.39,-0.42
1783967543,799.39,-0.42
1783967560,799.39,-0.42
1783967575,799.39,-0.42
1783967592,799.39,-0.42
1783967607,799.39,-0.42
1783967625,799.39,-0.42
1783967640,799.39,-0.42
1783967657,799.39,-0.42
1783967672,799.39,-0.42
1783967689,799.39,-0.42
1783967704,799.39,-0.42
1783967722,799.39,-0.42
1783967737,799.39,-0.42
1783967754,799.39,-0.42
1783967769,799.39,-0.42
1783967786,799.39,-0.42
1783967801,799.39,-0.42
1783967819,799.39,-0.42
1783967834,799.39,-0.42
1783967861,799.38,-0.42
1783967889,799.38,-0.42
1783967904,799.38,-0.42
1783967920,799.38,-0.42
1783967935,799.38,-0.42
1783967951,799.38,-0.42
1783967966,799.38,-0.42
1783967983,799.38,-0.42
1783967998,799.38,-0.42
1783968014,799.37,-0.42
1783968029,799.38,-0.42
1783968045,799.37,-0.42
1783968060,799.37,-0.42
1783968076,799.37,-0.42
1783968091,799.38,-0.42
1783968107,799.38,-0.42
1783968122,799.37,-0.42
1783968138,799.37,-0.42
1783968153,799.37,-0.42
1783968169,799.38,-0.42
1783968184,799.38,-0.42
1783968200,799.37,-0.42
1783968215,799.35,-0.42
1783968231,799.36,-0.42
1783968246,799.37,-0.42
1783968262,799.36,-0.42
1783968277,799.37,-0.42
1783968294,799.37,-0.42
1783968309,799.37,-0.42
1783968325,799.37,-0.42
1783968340,799.36,-0.42
1783968356,799.37,-0.42
1783968371,799.37,-0.42
1783968387,799.38,-0.42
1783968402,799.38,-0.42
1783968418,799.36,-0.42
1783968433,799.36,-0.42
1783968449,799.36,-0.42
1783968464,799.36,-0.42
1783968482,799.36,-0.42
1783968497,799.35,-0.42
1783968513,799.35,-0.42
1783968528,799.36,-0.42
1783968544,799.36,-0.42
1783968559,799.35,-0.42
1783968575,799.35,-0.42
1783968590,799.35,-0.42
1783968606,799.34,-0.42
1783968621,799.34,-0.42
1783968637,799.34,-0.42
1783968652,799.34,-0.42
1783968669,799.33,-0.42
1783968684,799.32,-0.42
1783968700,799.32,-0.42
1783968715,799.31,-0.42
1783968731,799.30,-0.42
1783968746,799.28,-0.42
1783968762,799.28,-0.42
1783968777,799.28,-0.42
1783968806,799.29,-0.42
1783968821,799.28,-0.42
1783968837,799.29,-0.42
1783968852,799.27,-0.42
1783968868,799.28,-0.42
1783968883,799.30,-0.42
1783968899,799.32,-0.42
1783968914,799.32,-0.42
1783968930,799.32,-0.42
1783968945,799.32,-0.42
1783968961,799.32,-0.42
1783968976,799.32,-0.42
1783968992,799.32,-0.42
1783969007,799.32,-0.42
1783969024,799.32,-0.42
1783969039,799.32,-0.42
1783969055,799.32,-0.42
1783969070,799.31,-0.42
1783969088,799.31,-0.42
1783969103,799.31,-0.42
1783969119,799.31,-0.42
1783969134,799.34,-0.42
1783969150,799.33,-0.42
1783969165,799.33,-0.42
1783969181,799.33,-0.42
1783969196,799.33,-0.42
1783969213,799.32,-0.42
1783969228,799.32,-0.42
1783969244,799.32,-0.42
1783969259,799.32,-0.42
1783969275,799.32,-0.42
1783969290,799.33,-0.42
1783969306,799.33,-0.42
1783969321,799.33,-0.42
1783969337,799.32,-0.42
1783969352,799.31,-0.42
1783969368,799.32,-0.42
1783969383,799.31,-0.42
1783969399,799.30,-0.42
1783969414,799.30,-0.42
1783969431,799.31,-0.42
1783969446,799.33,-0.42
1783969462,799.33,-0.42
1783969477,799.33,-0.42
1783969493,799.31,-0.42
1783969508,799.31,-0.42
1783969524,799.31,-0.42
1783969539,799.31,-0.42
1783969555,799.30,-0.42
1783969570,799.29,-0.42
1783969586,799.29,-0.42
1783969601,799.30,-0.42
1783969617,799.30,-0.42
1783969632,799.31,-0.42
1783969648,799.31,-0.42
1783969663,799.32,-0.42
1783969679,799.32,-0.42
1783969694,799.32,-0.42
1783969721,799.33,-0.42
1783969736,799.30,-0.42
1783969752,799.30,-0.42
1783969767,799.29,-0.42
1783969783,799.29,-0.42
1783969798,799.30,-0.42
1783969814,799.30,-0.42
1783969829,799.30,-0.42
1783969845,799.31,-0.42
1783969860,799.31,-0.42
1783969876,799.31,-0.42
1783969891,799.31,-0.42
1783969907,799.31,-0.42
1783969922,799.28,-0.42
1783969938,799.29,-0.42
1783969953,799.28,-0.42
1783969969,799.29,-0.42
1783969984,799.30,-0.42
1783970000,799.30,-0.42
1783970245,799.25,-0.42
1783970272,799.25,-0.42
1783970287,799.24,-0.42
1783970304,799.25,-0.42
1783970319,799.27,-0.42
1783970335,799.28,-0.42
1783970350,799.30,-0.42
1783970366,799.29,-0.42
1783970381,799.29,-0.42
1783970398,799.29,-0.42
1783970413,799.31,-0.42
1783970429,799.32,-0.42
1783970444,799.32,-0.42
1783970460,799.32,-0.42
1783970475,799.32,-0.42
1783970491,799.32,-0.42
1783970506,799.32,-0.42
1783970523,799.32,-0.42
1783970538,799.32,-0.42
1783970554,799.33,-0.42
1783970569,799.33,-0.42
1783970586,799.32,-0.42
1783970601,799.30,-0.42
1783970618,799.30,-0.42
1783970633,799.30,-0.42
1783970649,799.30,-0.42
1783970664,799.30,-0.42
1783970680,799.30,-0.42
1783970703,799.29,-0.42
1783970746,799.29,-0.42
1783970762,799.30,-0.42
1783970785,799.30,-0.42
1783970801,799.31,-0.42
1783970816,799.31,-0.42
1783970833,799.31,-0.42
1783970848,799.32,-0.42
1783970865,799.32,-0.42
1783970880,799.32,-0.42
1783970897,799.32,-0.42
1783970912,799.33,-0.42
1783970928,799.31,-0.42
1783970943,799.30,-0.42
1783970959,799.31,-0.42
1783970974,799.31,-0.42
1783970990,799.32,-0.42
1783971005,799.32,-0.42
1783971021,799.30,-0.42
1783971036,799.29,-0.42
1783971053,799.28,-0.42
1783971068,799.28,-0.42
1783971084,799.27,-0.42
1783971099,799.27,-0.42
1783971116,799.27,-0.42
1783971131,799.26,-0.42
1783971147,799.24,-0.42
1783971162,799.24,-0.42
1783971190,799.22,-0.42
1783971205,799.20,-0.42
1783971221,799.21,-0.42
1783971236,799.22,-0.42
1783971252,799.20,-0.42
1783971267,799.20,-0.42
1783971283,799.18,-0.42
1783971298,799.18,-0.42
1783971314,799.18,-0.42
1783971329,799.18,-0.42
1783971346,799.18,-0.42
1783971361,799.18,-0.42
1783971377,799.19,-0.42
1783971392,799.19,-0.42
1783971408,799.19,-0.42
1783971423,799.18,-0.42
1783971439,799.20,-0.42
1783971454,799.20,-0.42
1783971471,799.19,-0.42
1783971486,799.19,-0.42
1783971502,799.20,-0.42
1783971517,799.21,-0.42
1783971533,799.21,-0.42
1783971548,799.21,-0.42
1783971565,799.22,-0.42
1783971580,799.22,-0.42
1783971596,799.22,-0.42
1783971611,799.22,-0.42
1783971627,799.22,-0.42
1783971642,799.22,-0.42
1783971658,799.22,-0.42
1783971673,799.21,-0.42
1783971689,799.20,-0.42
1783971704,799.20,-0.42
1783971720,799.20,-0.42
1783971735,799.19,-0.42
1783971751,799.19,-0.42
1783971766,799.18,-0.42
1783971782,799.18,-0.42
1783971797,799.17,-0.42
1783971813,799.19,-0.42
1783971828,799.19,-0.42
1783971845,799.18,-0.42
1783971860,799.18,-0.42
1783971876,799.18,-0.42
1783971891,799.17,-0.42
1783971978,799.19,-0.42
1783972006,799.18,-0.42
1783972021,799.18,-0.42
1783972037,799.20,-0.42
1783972052,799.20,-0.42
1783972068,799.19,-0.42
1783972083,799.19,-0.42
1783972099,799.20,-0.42
1783972114,799.20,-0.42
1783972130,799.20,-0.42
1783972145,799.20,-0.42
1783972161,799.20,-0.42
1783972176,799.19,-0.42
1783972192,799.19,-0.42
1783972207,799.15,-0.42
1783972223,799.16,-0.42
1783972238,799.17,-0.42
1783972254,799.17,-0.42
1783972269,799.14,-0.42
1783972285,799.15,-0.42
1783972300,799.14,-0.42
1783972316,799.15,-0.42
1783972331,799.15,-0.42
1783972347,799.13,-0.42
1783972362,799.14,-0.42
1783972379,799.12,-0.42
1783972394,799.12,-0.42
1783972410,799.12,-0.42
1783972425,799.12,-0.42
1783972441,799.14,-0.42
1783972456,799.14,-0.42
1783972472,799.13,-0.42
1783972487,799.14,-0.42
1783972503,799.14,-0.42
1783972518,799.13,-0.42
1783972534,799.13,-0.42
1783972549,799.12,-0.42
1783972565,799.11,-0.42
1783972580,799.11,-0.42
1783972599,799.11,-0.42
1783972614,799.11,-0.42
1783972630,799.10,-0.42
1783972645,799.10,-0.42
1783972661,799.09,-0.42
1783972676,799.09,-0.42
1783972692,799.09,-0.42
1783972707,799.09,-0.42
1783972723,799.09,-0.42
1783972738,799.09,-0.42
1783972754,799.09,-0.42
1783972769,799.09,-0.42
1783972785,799.08,-0.42
1783972800,799.08,-0.42
1783972816,799.10,-0.42
1783972831,799.09,-0.42
1783972847,799.09,-0.42
1783972862,799.09,-0.42
1783972878,799.09,-0.42
1783972893,799.11,-0.42
1783972920,799.10,-0.42
1783972935,799.10,-0.42
1783972951,799.11,-0.42
1783972966,799.11,-0.42
1783972982,799.10,-0.42
1783973032,799.08,-0.42
1783973062,799.08,-0.42
1783973077,799.08,-0.42
1783973093,799.07,-0.42
1783973108,799.06,-0.42
1783973124,799.04,-0.42
1783973139,799.06,-0.42
1783973156,799.07,-0.42
1783973171,799.07,-0.42
1783973187,799.07,-0.42
1783973202,799.07,-0.42
1783973218,799.07,-0.42
1783973233,799.10,-0.42
1783973249,799.10,-0.42
1783973264,799.10,-0.42
1783973280,799.10,-0.42
1783973295,799.09,-0.42
1783973312,799.09,-0.42
1783973327,799.09,-0.42
1783973343,799.11,-0.42
1783973358,799.10,-0.42
1783973374,799.10,-0.42
1783973389,799.11,-0.42
1783973405,799.12,-0.42
1783973420,799.15,-0.42
1783973436,799.15,-0.42
1783973451,799.15,-0.42
1783973467,799.14,-0.42
1783973482,799.14,-0.42
1783973498,799.14,-0.42
1783973513,799.14,-0.42
1783973529,799.14,-0.42
1783973544,799.14,-0.42
1783973561,799.14,-0.42
1783973576,799.14,-0.42
1783973592,799.14,-0.42
1783973607,799.14,-0.42
1783973623,799.14,-0.42
1783973638,799.14,-0.42
1783973655,799.15,-0.42
1783973670,799.14,-0.42
1783973686,799.16,-0.42
1783973701,799.16,-0.42
1783973717,799.17,-0.42
1783973732,799.17,-0.42
1783973748,799.17,-0.42
1783973763,799.18,-0.42
1783973779,799.17,-0.42
1783973794,799.18,-0.42
1783973811,799.19,-0.42
1783973826,799.21,-0.42
1783973842,799.21,-0.42
1783973857,799.21,-0.42
1783973873,799.22,-0.42
1783973888,799.22,-0.42
1783973904,799.22,-0.42
1783973919,799.23,-0.42
1783973935,799.24,-0.42
1783973950,799.27,-0.42
1783973978,799.23,-0.42
1783973993,799.24,-0.42
1783974009,799.24,-0.42
1783974024,799.24,-0.42
1783974040,799.24,-0.42
1783974055,799.26,-0.42
1783974071,799.28,-0.42
1783974086,799.31,-0.42
1783974102,799.28,-0.42
1783974117,799.28,-0.42
1783974133,799.27,-0.42
1783974148,799.27,-0.42
1783974164,799.26,-0.42
1783974179,799.24,-0.42
1783974195,799.23,-0.42
1783974210,799.23,-0.42
1783974226,799.23,-0.42
1783974241,799.23,-0.42
1783974259,799.23,-0.42
1783974274,799.23,-0.42
1783974290,799.23,-0.42
1783974305,799.18,-0.42
1783974321,799.18,-0.42
1783974336,799.18,-0.42
1783974353,799.18,-0.42
1783974368,799.19,-0.42
1783974384,799.19,-0.42
1783974399,799.19,-0.42
1783974415,799.19,-0.42
1783974430,799.19,-0.42
1783974446,799.20,-0.42
1783974469,799.19,-0.42
1783974503,799.19,-0.42
1783974518,799.19,-0.42
1783974537,799.18,-0.42
1783974552,799.18,-0.42
1783974571,799.18,-0.42
1783974586,799.18,-0.42
1783974606,799.18,-0.42
1783974621,799.18,-0.42
1783974640,798.89,-1.11
1783974655,798.89,-1.11
1783974675,798.89,-1.11
1783974690,798.89,-1.11
1783974708,798.89,-1.11
1783974723,798.89,-1.11
1783974741,798.89,-1.11
1783974756,798.89,-1.11
1783974776,798.89,-1.11
1783974791,798.89,-1.11
1783974810,798.89,-1.11
1783974825,798.89,-1.11
1783974845,798.89,-1.11
1783974860,798.89,-1.11
1783974879,798.89,-1.11
1783974894,798.89,-1.11
1783974913,798.89,-1.11
1783974928,798.89,-1.11
1783974948,798.89,-1.11
1783974963,798.89,-1.11
1783974982,798.89,-1.11
1783974997,798.89,-1.11
1783975016,798.89,-1.11
1783975031,798.89,-1.11
1783975047,798.89,-1.11
1783975062,798.89,-1.11
1783975079,798.89,-1.11
1783975094,798.89,-1.11
1783975110,798.89,-1.11
1783975125,798.89,-1.11
1783975141,798.89,-1.11
1783975156,798.89,-1.11
1783975172,798.89,-1.11
1783975187,798.89,-1.11
1783975204,798.89,-1.11
1783975219,798.89,-1.11
1783975235,798.89,-1.11
1783975866,798.89,-1.11
1783975904,798.89,-1.11
1783975919,798.89,-1.11
1783975935,798.89,-1.11
1783975950,798.89,-1.11
1783975966,798.89,-1.11
1783975981,798.89,-1.11
1783975998,798.89,-1.11
1783976013,798.89,-1.11
1783976029,798.89,-1.11
1783976044,798.89,-1.11
1783976061,798.89,-1.11
1783976076,798.89,-1.11
1783976092,798.89,-1.11
1783976107,798.89,-1.11
1783976123,798.89,-1.11
1783976138,798.89,-1.11
1783976155,798.89,-1.11
1783976170,798.89,-1.11
1783976186,798.89,-1.11
1783976201,798.89,-1.11
1783976217,798.89,-1.11
1783976232,798.89,-1.11
1783976250,798.89,-1.11
1783976280,798.89,-1.11
1783976295,798.89,-1.11
1783976311,798.89,-1.11
1783976326,798.89,-1.11
1783976342,798.89,-1.11
1783976357,798.89,-1.11
1783976373,798.89,-1.11
1783976388,798.89,-1.11
1783976405,798.89,-1.11
1783976420,798.89,-1.11
1783976436,798.89,-1.11
1783976451,798.89,-1.11
1783976467,798.89,-1.11
1783976482,798.89,-1.11
1783976499,798.89,-1.11
1783976514,798.89,-1.11
1783976530,798.89,-1.11
1783976545,798.88,-1.11
1783976562,798.88,-1.11
1783976577,798.88,-1.11
1783976593,798.87,-1.11
1783976608,798.87,-1.11
1783976624,798.87,-1.11
1783976639,798.87,-1.11
1783976656,798.87,-1.11
1783976671,798.87,-1.11
1783976687,798.87,-1.11
1783976702,798.87,-1.11
1783976718,798.87,-1.11
1783976733,798.87,-1.11
1783976749,798.87,-1.11
1783976764,798.87,-1.11
1783976780,798.87,-1.11
1783976795,798.87,-1.11
1783976812,798.87,-1.11
1783976827,798.87,-1.11
1783976843,798.87,-1.11
1783976858,798.87,-1.11
1783976875,798.87,-1.11
1783976890,798.87,-1.11
1783976906,798.87,-1.11
1783976921,798.87,-1.11
1783976938,798.87,-1.11
1783976953,798.87,-1.11
1783976969,798.85,-1.11
1783976984,798.85,-1.11
1783977000,798.85,-1.11
1783977015,798.85,-1.11
1783977032,798.85,-1.11
1783977047,798.85,-1.11
1783977063,798.85,-1.11
1783977078,798.85,-1.11
1783977094,798.85,-1.11
1783977109,798.84,-1.11
1783977125,798.84,-1.11
1783977140,798.84,-1.11
1783977167,798.85,-1.11
1783977182,798.85,-1.11
1783977198,798.85,-1.11
1783977213,798.85,-1.11
1783977230,798.84,-1.11
1783977245,798.84,-1.11
1783977261,798.85,-1.11
1783977276,798.85,-1.11
1783977292,798.85,-1.11
1783977307,798.86,-1.11
1783977323,798.86,-1.11
1783977338,798.86,-1.11
1783977354,798.85,-1.11
1783977369,798.84,-1.11
1783977386,798.84,-1.11
1783977401,798.85,-1.11
1783977417,798.85,-1.11
1783977432,798.85,-1.11
1783977448,798.84,-1.11
1783977463,798.84,-1.11
1783977480,798.85,-1.11
1783977495,798.85,-1.11
1783977512,798.85,-1.11
1783977527,798.85,-1.11
1783977543,798.85,-1.11
1783977558,798.85,-1.11
1783977574,798.85,-1.11
1783977589,798.85,-1.11
1783977605,798.85,-1.11
1783977620,798.85,-1.11
1783977636,798.86,-1.11
1783977651,798.86,-1.11
1783977668,798.86,-1.11
1783977683,798.86,-1.11
1783977699,798.86,-1.11
1783977714,798.86,-1.11
1783977730,798.86,-1.11
1783977745,798.86,-1.11
1783977761,798.86,-1.11
1783977776,798.86,-1.11
1783977792,798.86,-1.11
1783977807,798.86,-1.11
1783977824,798.86,-1.11
1783977839,798.86,-1.11
1783977855,798.86,-1.11
1783977870,798.86,-1.11
1783977886,798.85,-1.11
1783977901,798.85,-1.11
1783977918,798.85,-1.11
1783977933,798.84,-1.11
1783977949,798.84,-1.11
1783977964,798.84,-1.11
1783977980,798.84,-1.11
1783977995,798.85,-1.11
1783978011,798.85,-1.11
1783978026,798.84,-1.11
1783978042,798.84,-1.11
1783978057,798.84,-1.11
1783978085,798.84,-1.11
1783978100,798.84,-1.11
1783978118,798.84,-1.11
1783978133,798.84,-1.11
1783978149,798.84,-1.11
1783978164,798.84,-1.11
1783978180,798.84,-1.11
1783978195,798.84,-1.11
1783978212,798.84,-1.11
1783978227,798.84,-1.11
1783978243,798.84,-1.11
1783978258,798.84,-1.11
1783978274,798.84,-1.11
1783978289,798.84,-1.11
1783978305,798.84,-1.11
1783978320,798.84,-1.11
1783978336,798.84,-1.11
1783978351,798.84,-1.11
1783978367,798.84,-1.11
1783978382,798.84,-1.11
1783978398,798.84,-1.11
1783978413,798.84,-1.11
1783978430,798.84,-1.11
1783978445,798.84,-1.11
1783978461,798.84,-1.11
1783978476,798.84,-1.11
1783978492,798.84,-1.11
1783978507,798.84,-1.11
1783978523,798.84,-1.11
1783978538,798.84,-1.11
1783978554,798.84,-1.11
1783978569,798.84,-1.11
1783978585,798.84,-1.11
1783978600,798.84,-1.11
1783978617,798.84,-1.11
1783978632,798.84,-1.11
1783978648,798.84,-1.11
1783978663,798.84,-1.11
1783978679,798.84,-1.11
1783978694,798.84,-1.11
1783978710,798.84,-1.11
1783978725,798.84,-1.11
1783978742,798.84,-1.11
1783978757,798.84,-1.11
1783978774,798.84,-1.11
1783978789,798.84,-1.11
1783978805,798.84,-1.11
1783978820,798.84,-1.11
1783978836,798.84,-1.11
1783978851,798.84,-1.11
1783978867,798.84,-1.11
1783978882,798.84,-1.11
1783978898,798.84,-1.11
1783978913,798.84,-1.11
1783978929,798.84,-1.11
1783978944,798.84,-1.11
1783978961,798.84,-1.11
1783978976,798.84,-1.11
1783979004,798.84,-1.11
1783979019,798.84,-1.11
1783979035,798.84,-1.11
1783979050,798.84,-1.11
1783979067,798.84,-1.11
1783979082,798.84,-1.11
1783979098,798.84,-1.11
1783979113,798.84,-1.11
1783979129,798.84,-1.11
1783979144,798.84,-1.11
1783979160,798.84,-1.11
1783979175,798.84,-1.11
1783979191,798.84,-1.11
1783979206,798.84,-1.11
1783979223,798.84,-1.11
1783979238,798.84,-1.11
1783979254,798.84,-1.11
1783979269,798.84,-1.11
1783979285,798.84,-1.11
1783979300,798.84,-1.11
1783979317,798.84,-1.11
1783979332,798.84,-1.11
1783979349,798.84,-1.11
1783979364,798.84,-1.11
1783979380,798.84,-1.11
1783979395,798.84,-1.11
1783979411,798.84,-1.11
1783979426,798.84,-1.11
1783979443,798.84,-1.11
1783979458,798.84,-1.11
1783979474,798.84,-1.11
1783979489,798.84,-1.11
1783979505,798.84,-1.11
1783979520,798.84,-1.11
1783979536,798.84,-1.11
1783979551,798.84,-1.11
1783979567,798.84,-1.11
1783979582,798.84,-1.11
1783979598,798.84,-1.11
1783979613,798.84,-1.11
1783979630,798.84,-1.11
1783979645,798.84,-1.11
1783979661,798.84,-1.11
1783979676,798.84,-1.11
1783979692,798.84,-1.11
1783979707,798.84,-1.11
1783979723,798.84,-1.11
1783979738,798.84,-1.11
1783979754,798.84,-1.11
1783979769,798.84,-1.11
1783979785,798.84,-1.11
1783979800,798.84,-1.11
1783979817,798.84,-1.11
1783979832,798.84,-1.11
1783979848,798.84,-1.11
1783979866,798.84,-1.11
1783979881,798.84,-1.11
1783979897,798.84,-1.11
1783979912,798.84,-1.11
1783979929,798.84,-1.11
1783979944,798.84,-1.11
1783979962,798.84,-1.11
1783979977,798.84,-1.11
1783979993,798.84,-1.11
1783980008,798.84,-1.11
1783980024,798.84,-1.11
1783980039,798.84,-1.11
1783980056,798.84,-1.11
1783980071,798.84,-1.11
1783980087,798.84,-1.11
1783980102,798.84,-1.11
1783980118,798.84,-1.11
1783980133,798.84,-1.11
1783980150,798.84,-1.11
1783980165,798.84,-1.11
1783980181,798.84,-1.11
1783980196,798.84,-1.11
1783980212,798.84,-1.11
1783980227,798.84,-1.11
1783980244,798.84,-1.11
1783980259,798.84,-1.11
1783980275,798.84,-1.11
1783980290,798.84,-1.11
1783980306,798.84,-1.11
1783980321,798.84,-1.11
1783980337,798.84,-1.11
1783980352,798.84,-1.11
1783980368,798.84,-1.11
1783980383,798.84,-1.11
1783980399,798.84,-1.11
1783980414,798.84,-1.11
1783980430,798.84,-1.11
1783980445,798.84,-1.11
1783980462,798.84,-1.11
1783980477,798.84,-1.11
1783980493,798.84,-1.11
1783980508,798.84,-1.11
1783980524,798.84,-1.11
1783980539,798.84,-1.11
1783980555,798.84,-1.11
1783980570,798.84,-1.11
1783980587,798.84,-1.11
1783980602,798.84,-1.11
1783980618,798.84,-1.11
1783980633,798.84,-1.11
1783980650,798.84,-1.11
1783980665,798.84,-1.11
1783980681,798.84,-1.11
1783980696,798.84,-1.11
1783980712,798.84,-1.11
1783980727,798.84,-1.11
1783980743,798.84,-1.11
1783980758,798.84,-1.11
1783980774,798.84,-1.11
1783980789,798.84,-1.11
1783980806,798.84,-1.11
1783980821,798.84,-1.11
1783980847,798.84,-1.11
1783980862,798.84,-1.11
1783980878,798.84,-1.11
1783980893,798.84,-1.11
1783980909,798.84,-1.11
1783980924,798.84,-1.11
1783980940,798.84,-1.11
1783980955,798.84,-1.11
1783980971,798.84,-1.11
1783980986,798.84,-1.11
1783981002,798.84,-1.11
1783981017,798.84,-1.11
1783981033,798.84,-1.11
1783981048,798.84,-1.11
1783981064,798.84,-1.11
1783981079,798.84,-1.11
1783981096,798.84,-1.11
1783981111,798.84,-1.11
1783981127,798.84,-1.11
1783981142,798.84,-1.11
1783981158,798.84,-1.11
1783981173,798.84,-1.11
1783981190,798.84,-1.11
1783981205,798.84,-1.11
1783981221,798.84,-1.11
1783981236,798.84,-1.11
1783981253,798.84,-1.11
1783981268,798.83,-1.11
1783981284,798.83,-1.11
1783981299,798.83,-1.11
1783981315,798.83,-1.11
1783981330,798.83,-1.11
1783981346,798.84,-1.11
1783981361,798.84,-1.11
1783981377,798.84,-1.11
1783981392,798.83,-1.11
1783981408,798.83,-1.11
1783981423,798.83,-1.11
1783981439,798.83,-1.11
1783981454,798.83,-1.11
1783981471,798.82,-1.11
1783981486,798.82,-1.11
1783981502,798.83,-1.11
1783981517,798.83,-1.11
1783981533,798.83,-1.11
1783981548,798.83,-1.11
1783981564,798.83,-1.11
1783981579,798.83,-1.11
1783981595,798.83,-1.11
1783981610,798.83,-1.11
1783981626,798.83,-1.11
1783981641,798.83,-1.11
1783981657,798.83,-1.11
1783981672,798.83,-1.11
1783981688,798.83,-1.11
1783981703,798.83,-1.11
1783981719,798.83,-1.11
1783981734,798.83,-1.11
1783981761,798.83,-1.11
1783981776,798.83,-1.11
1783981793,798.83,-1.11
1783981808,798.83,-1.11
1783981824,798.83,-1.11
1783981839,798.83,-1.11
1783981856,798.83,-1.11
1783981871,798.83,-1.11
1783981887,798.83,-1.11
1783981902,798.83,-1.11
1783981918,798.83,-1.11
1783981933,798.81,-1.11
1783981949,798.81,-1.11
1783981964,798.80,-1.11
1783981980,798.80,-1.11
1783981995,798.80,-1.11
1783982011,798.80,-1.11
1783982026,798.80,-1.11
1783982043,798.80,-1.11
1783982058,798.80,-1.11
1783982074,798.80,-1.11
1783982089,798.80,-1.11
1783982105,798.80,-1.11
1783982120,798.80,-1.11
1783982136,798.80,-1.11
1783982151,798.81,-1.11
1783982167,798.81,-1.11
1783982182,798.81,-1.11
1783982198,798.81,-1.11
1783982213,798.81,-1.11
1783982229,798.81,-1.11
1783982244,798.81,-1.11
1783982260,798.81,-1.11
1783982275,798.81,-1.11
1783982292,798.81,-1.11
1783982307,798.81,-1.11
1783982323,798.81,-1.11
1783982338,798.81,-1.11
1783982354,798.80,-1.11
1783982369,798.80,-1.11
1783982385,798.80,-1.11
1783982400,798.80,-1.11
1783982418,798.80,-1.11
1783982433,798.80,-1.11
1783982449,798.80,-1.11
1783982464,798.81,-1.11
1783982480,798.80,-1.11
1783982495,798.80,-1.11
1783982511,798.80,-1.11
1783982526,798.80,-1.11
1783982542,798.80,-1.11
1783982557,798.80,-1.11
1783982574,798.80,-1.11
1783982589,798.80,-1.11
1783982605,798.81,-1.11
1783982620,798.81,-1.11
1783982636,798.81,-1.11
1783982651,798.80,-1.11
1783982679,798.80,-1.11
1783982694,798.81,-1.11
1783982711,798.81,-1.11
1783982726,798.81,-1.11
1783982742,798.81,-1.11
1783982757,798.81,-1.11
1783982773,798.81,-1.11
1783982788,798.81,-1.11
1783982804,798.81,-1.11
1783982819,798.81,-1.11
1783982835,798.81,-1.11
1783982850,798.80,-1.11
1783982866,798.80,-1.11
1783982881,798.80,-1.11
1783982899,798.80,-1.11
1783982914,798.80,-1.11
1783982930,798.80,-1.11
1783982945,798.80,-1.11
1783982962,798.80,-1.11
1783982977,798.80,-1.11
1783982993,798.80,-1.11
1783983008,798.80,-1.11
1783983025,798.79,-1.11
1783983040,798.79,-1.11
1783983056,798.78,-1.11
1783983071,798.77,-1.11
1783983088,798.78,-1.11
1783983103,798.78,-1.11
1783983119,798.78,-1.11
1783983134,798.77,-1.11
1783983150,798.78,-1.11
1783983165,798.78,-1.11
1783983187,798.78,-1.11
1783983202,798.77,-1.11
1783983218,798.77,-1.11
1783983233,798.77,-1.11
1783983249,798.77,-1.11
1783983264,798.77,-1.11
1783983280,798.77,-1.11
1783983295,798.76,-1.11
1783983311,798.76,-1.11
1783983326,798.75,-1.11
1783983342,798.75,-1.11
1783983357,798.75,-1.11
1783983373,798.75,-1.11
1783983388,798.75,-1.11
1783983404,798.75,-1.11
1783983419,798.75,-1.11
1783983435,798.75,-1.11
1783983450,798.75,-1.11
1783983468,798.74,-1.11
1783983485,798.74,-1.11
1783983500,798.75,-1.11
1783983516,798.75,-1.11
1783983531,798.75,-1.11
1783983547,798.76,-1.11
1783983562,798.76,-1.11
1783983584,798.75,-1.11
1783983599,798.75,-1.11
1783983615,798.75,-1.11
1783983630,798.75,-1.11
1783983648,798.74,-1.11
1783983663,798.75,-1.11
1783983679,798.75,-1.11
1783983694,798.75,-1.11
1783983710,798.75,-1.11
1783983725,798.75,-1.11
1783983741,798.75,-1.11
1783983756,798.75,-1.11
1783983772,798.75,-1.11
1783983787,798.75,-1.11
1783983803,798.76,-1.11
1783983818,798.76,-1.11
1783983839,798.76,-1.11
1783983854,798.77,-1.11
1783983870,798.77,-1.11
1783983885,798.77,-1.11
1783983901,798.76,-1.11
1783983916,798.76,-1.11
1783983934,798.76,-1.11
1783983949,798.76,-1.11
1783983965,798.77,-1.11
1783983980,798.77,-1.11
1783983996,798.77,-1.11
1783984011,798.77,-1.11
1783984028,798.77,-1.11
1783984043,798.77,-1.11
1783984059,798.77,-1.11
1783984074,798.77,-1.11
1783984090,798.76,-1.11
1783984105,798.77,-1.11
1783984121,798.77,-1.11
1783984136,798.76,-1.11
1783984158,798.76,-1.11
1783984173,798.76,-1.11
1783984189,798.77,-1.11
1783984204,798.77,-1.11
1783984220,798.77,-1.11
1783984235,798.77,-1.11
1783984253,798.77,-1.11
1783984268,798.77,-1.11
1783984286,798.78,-1.11
1783984330,798.78,-1.11
1783984345,798.78,-1.11
1783984361,798.78,-1.11
1783984376,798.78,-1.11
1783984392,798.78,-1.11
1783984407,798.78,-1.11
1783984423,798.78,-1.11
1783984438,798.79,-1.11
1783984454,798.79,-1.11
1783984469,798.79,-1.11
1783984485,798.79,-1.11
1783984500,798.78,-1.11
1783984516,798.78,-1.11
1783984531,798.78,-1.11
1783984548,798.78,-1.11
1783984563,798.79,-1.11
1783984579,798.79,-1.11
1783984594,798.80,-1.11
1783984615,798.80,-1.11
1783984630,798.79,-1.11
1783984646,798.80,-1.11
1783984661,798.80,-1.11
1783984677,798.80,-1.11
1783984692,798.80,-1.11
1783984708,798.82,-1.11
1783984723,798.83,-1.11
1783984740,798.83,-1.11
1783984755,798.83,-1.11
1783984771,798.83,-1.11
1783984786,798.83,-1.11
1783984802,798.83,-1.11
1783984817,798.83,-1.11
1783984833,798.83,-1.11
1783984848,798.83,-1.11
1783984864,798.84,-1.11
1783984879,798.84,-1.11
1783984896,798.85,-1.11
1783984909,798.85,-1.11
1783984943,798.85,-1.11
1783984958,798.85,-1.11
1783984975,798.85,-1.11
1783984990,798.85,-1.11
1783985006,798.85,-1.11
1783985021,798.85,-1.11
1783985037,798.85,-1.11
1783985052,798.85,-1.11
1783985068,798.86,-1.11
1783985083,798.87,-1.11
1783985099,798.86,-1.11
1783985114,798.86,-1.11
1783985130,798.86,-1.11
1783985145,798.87,-1.11
1783985161,798.87,-1.11
1783985176,798.87,-1.11
1783985192,798.88,-1.11
1783985207,798.88,-1.11
1783985229,798.89,-1.11
1783985244,798.90,-1.11
1783985260,798.90,-1.11
1783985275,798.89,-1.11
1783985290,798.89,-1.11
1783985305,798.89,-1.11
1783985321,798.89,-1.11
1783985336,798.89,-1.11
1783985352,798.88,-1.11
1783985367,798.86,-1.11
1783985383,798.86,-1.11
1783985398,798.86,-1.11
1783985415,798.86,-1.11
1783985430,798.85,-1.11
1783985446,798.85,-1.11
1783985461,798.85,-1.11
1783985477,798.85,-1.11
1783985492,798.85,-1.11
1783985508,798.84,-1.11
1783985523,798.84,-1.11
1783985546,798.84,-1.11
1783985561,798.84,-1.11
1783985577,798.85,-1.11
1783985592,798.86,-1.11
1783985608,798.87,-1.11
1783985623,798.86,-1.11
1783985639,798.86,-1.11
1783985654,798.86,-1.11
1783985670,798.86,-1.11
1783985685,798.86,-1.11
1783985701,798.86,-1.11
1783985716,798.86,-1.11
1783985732,798.87,-1.11
1783985747,798.88,-1.11
1783985763,798.88,-1.11
1783985778,798.86,-1.11
1783985794,798.86,-1.11
1783985809,798.86,-1.11
1783985835,798.86,-1.11
1783985850,798.86,-1.11
1783985874,798.86,-1.11
1783985889,798.86,-1.11
1783985906,798.86,-1.11
1783985921,798.86,-1.11
1783985937,798.86,-1.11
1783985952,798.85,-1.11
1783985970,798.85,-1.11
1783985985,798.86,-1.11
1783986002,798.86,-1.11
1783986017,798.86,-1.11
1783986034,798.86,-1.11
1783986049,798.86,-1.11
1783986069,798.85,-1.11
1783986084,798.85,-1.11
1783986101,798.86,-1.11
1783986116,798.86,-1.11
1783986132,798.86,-1.11
1783986147,798.86,-1.11
1783986166,798.86,-1.11
1783986181,798.84,-1.11
1783986550,798.96,-1.11
1783986579,798.96,-1.11
1783986594,798.95,-1.11
1783986611,798.94,-1.11
1783986626,798.95,-1.11
1783986642,798.96,-1.11
1783986657,798.97,-1.11
1783986674,799.00,-1.11
1783986689,799.00,-1.11
1783986706,798.98,-1.11
1783986721,799.00,-1.11
1783986740,799.00,-1.11
1783986755,798.99,-1.11
1783986772,798.99,-1.11
1783986787,798.98,-1.11
1783986803,798.98,-1.11
1783986818,798.98,-1.11
1783986835,798.98,-1.11
1783986850,798.99,-1.11
1783986867,799.02,-1.11
1783986882,799.01,-1.11
1783986898,799.01,-1.11
1783986913,799.02,-1.11
1783986930,799.01,-1.11
1783986945,799.01,-1.11
1783986962,799.00,-1.11
1783986977,799.00,-1.11
1783986993,799.00,-1.11
1783987008,799.00,-1.11
1783987025,799.00,-1.11
1783987040,799.00,-1.11
1783987057,799.01,-1.11
1783987072,799.00,-1.11
1783987088,799.00,-1.11
1783987103,799.01,-1.11
1783987120,799.01,-1.11
1783987135,799.01,-1.11
1783987152,799.01,-1.11
1783987167,799.02,-1.11
1783987185,799.02,-1.11
1783987200,799.03,0.00
1783987216,799.03,0.00
1783987231,798.97,0.01
1783987248,798.97,0.01
1783987263,798.97,0.01
1783987280,798.98,0.01
1783987295,798.98,0.01
1783987311,798.98,0.01
1783987326,798.96,0.01
1783987343,798.96,0.01
1783987358,798.97,0.01
1783987375,798.96,0.01
1783987390,798.96,0.01
1783987406,798.97,0.01
1783987421,798.96,0.01
1783987438,798.96,0.01
1783987441,798.95,0.01
1783987472,798.91,0.01
1783987487,798.82,0.00
1783987503,798.82,0.00
1783987518,798.82,0.00
1783987534,798.82,0.00
1783987549,798.81,0.00
1783987566,798.81,0.00
1783987581,798.81,0.00
1783987597,798.82,0.00
1783987612,798.81,0.00
1783987628,798.82,0.00
1783987643,798.81,0.00
1783987659,798.81,0.00
1783987674,798.82,0.00
1783987690,798.82,0.00
1783987705,798.82,0.00
1783987721,798.82,0.00
1783987736,798.82,0.00
1783987752,798.83,0.00
1783987767,798.82,0.00
1783987783,798.82,0.00
1783987798,798.83,0.00
1783987815,798.81,0.00
1783987830,798.82,0.00
1783987846,798.81,0.00
1783987861,798.76,0.00
1783987877,798.76,0.00
1783987892,798.76,0.00
1783987908,798.76,0.00
1783987923,798.76,0.00
1783987939,798.76,0.00
1783987954,798.76,0.00
1783987970,798.76,0.00
1783987985,798.76,0.00
1783988001,798.77,0.00
1783988016,798.78,0.00
1783988032,798.77,0.00
1783988047,798.77,0.00
1783988065,798.77,0.00
1783988080,798.76,0.00
1783988096,798.76,0.00
1783988111,798.76,0.00
1783988127,798.76,0.00
1783988142,798.76,0.00
1783988158,798.76,0.00
1783988173,798.76,0.00
1783988189,798.77,0.00
1783988204,798.77,0.00
1783988220,798.77,0.00
1783988235,798.76,0.00
1783988251,798.77,0.00
1783988266,798.77,0.00
1783988282,798.77,0.00
1783988297,798.76,0.00
1783988313,798.76,0.00
1783988328,798.76,0.00
1783988344,798.76,0.00
1783988359,798.77,0.00
1783988390,798.77,0.00
1783988405,798.77,0.00
1783988421,798.76,0.00
1783988436,798.76,0.00
1783988452,798.76,0.00
1783988467,798.76,0.00
1783988483,798.75,0.00
1783988498,798.76,0.00
1783988515,798.76,0.00
1783988530,798.75,0.00
1783988546,798.76,0.00
1783988561,798.76,0.00
1783988577,798.76,0.00
1783988592,798.76,0.00
1783988608,798.76,0.00
1783988623,798.76,0.00
1783988639,798.76,0.00
1783988654,798.76,0.00
1783988671,798.76,0.00
1783988686,798.76,0.00
1783988702,798.76,0.00
1783988717,798.77,0.00
1783988733,798.76,0.00
1783988748,798.76,0.00
1783988765,798.77,0.00
1783988780,798.77,0.00
1783988796,798.76,0.00
1783988811,798.77,0.00
1783988827,798.76,0.00
1783988842,798.77,0.00
1783988858,798.76,0.00
1783988873,798.76,0.00
1783988889,798.76,0.00
1783988904,798.76,0.00
1783988920,798.76,0.00
1783988935,798.76,0.00
1783988951,798.77,0.00
1783988966,798.76,0.00
1783988982,798.76,0.00
1783988997,798.76,0.00
1783989013,798.76,0.00
1783989028,798.76,0.00
1783989044,798.76,0.00
1783989059,798.76,0.00
1783989075,798.75,0.00
1783989090,798.76,0.00
1783989107,798.75,0.00
1783989122,798.75,0.00
1783989138,798.76,0.00
1783989153,798.76,0.00
1783989169,798.76,0.00
1783989184,798.76,0.00
1783989200,798.76,0.00
1783989215,798.76,0.00
1783989231,798.74,0.00
1783989246,798.74,0.00
1783989262,798.74,0.00
1783989277,798.74,0.00
1783989305,798.74,0.00
1783989320,798.73,0.00
1783989340,798.74,0.00
1783989355,798.74,0.00
1783989371,798.74,0.00
1783989386,798.74,0.00
1783989402,798.73,0.00
1783989417,798.73,0.00
1783989433,798.73,0.00
1783989448,798.74,0.00
1783989464,798.74,0.00
1783989479,798.73,0.00
1783989495,798.73,0.00
1783989510,798.72,0.00
1783989527,798.72,0.00
1783989542,798.72,0.00
1783989558,798.73,0.00
1783989573,798.72,0.00
1783989589,798.72,0.00
1783989604,798.72,0.00
1783989620,798.72,0.00
1783989635,798.72,0.00
1783989651,798.74,0.00
1783989666,798.73,0.00
1783989682,798.73,0.00
1783989697,798.72,0.00
1783989713,798.71,0.00
1783989728,798.71,0.00
1783989744,798.71,0.00
1783989759,798.71,0.00
1783989775,798.71,0.00
1783989790,798.70,0.00
1783989806,798.70,0.00
1783989821,798.70,0.00
1783989838,798.71,0.00
1783989853,798.69,0.00
1783989869,798.69,0.00
1783989884,798.69,0.00
1783989901,798.69,0.00
1783989916,798.70,0.00
1783989932,798.71,0.00
1783989947,798.73,0.00
1783989963,798.72,0.00
1783989978,798.72,0.00
1783989994,798.72,0.00
1783990009,798.72,0.00
1783990025,798.73,0.00
1783990040,798.73,0.00
1783990056,798.72,0.00
1783990071,798.72,0.00
1783990087,798.72,0.00
1783990102,798.72,0.00
1783990119,798.72,0.00
1783990134,798.72,0.00
1783990150,798.72,0.00
1783990165,798.73,0.00
1783990181,798.72,0.00
1783990196,798.72,0.00
1783990221,798.73,0.00
1783990236,798.74,0.00
1783990252,798.73,0.00
1783990267,798.73,0.00
1783990284,798.73,0.00
1783990299,798.74,0.00
1783990315,798.74,0.00
1783990330,798.74,0.00
1783990346,798.74,0.00
1783990361,798.74,0.00
1783990377,798.73,0.00
1783990392,798.73,0.00
1783990408,798.72,0.00
1783990423,798.73,0.00
1783990440,798.73,0.00
1783990455,798.74,0.00
1783990471,798.74,0.00
1783990486,798.74,0.00
1783990503,798.74,0.00
1783990518,798.83,0.00
1783990534,798.78,0.02
1783990549,798.74,0.02
1783990565,798.74,0.02
1783990580,798.74,0.02
1783990596,798.74,0.02
1783990611,798.74,0.02
1783990627,798.74,0.02
1783990642,798.74,0.02
1783990658,798.74,0.02
1783990673,798.74,0.02
1783990690,798.74,0.02
1783990705,798.74,0.02
1783990721,798.74,0.02
1783990736,798.74,0.02
1783990752,798.74,0.02
1783990767,798.74,0.02
1783990783,798.74,0.02
1783990798,798.74,0.02
1783990814,798.74,0.02
1783990829,798.74,0.02
1783990845,798.74,0.02
1783990860,798.74,0.02
1783990876,798.74,0.02
1783990891,798.74,0.02
1783990908,798.74,0.02
1783990923,798.74,0.02
1783990939,798.74,0.02
1783990954,798.74,0.02
1783990970,798.74,0.02
1783990985,798.74,0.02
1783991001,798.74,0.02
1783991016,798.74,0.02
1783991032,798.74,0.02
1783991053,798.74,0.02
1783991069,798.74,0.02
1783991084,798.74,0.02
1783991100,798.74,0.02
1783991115,798.74,0.02
1783991142,798.74,0.02
1783991157,798.74,0.02
1783991173,798.74,0.02
1783991188,798.74,0.02
1783991205,798.74,0.02
1783991220,798.74,0.02
1783991237,798.74,0.02
1783991252,798.74,0.02
1783991268,798.74,0.02
1783991283,798.74,0.02
1783991299,798.74,0.02
1783991314,798.74,0.02
1783991330,798.74,0.02
1783991345,798.74,0.02
1783991361,798.74,0.02
1783991376,798.74,0.02
1783991393,798.74,0.02
1783991408,798.74,0.02
1783991424,798.74,0.02
1783991439,798.74,0.02
1783991455,798.74,0.02
1783991470,798.74,0.02
1783991486,798.74,0.02
1783991501,798.74,0.02
1783991517,798.74,0.02
1783991532,798.74,0.02
1783991549,798.74,0.02
1783991564,798.74,0.02
1783991580,798.74,0.02
1783991595,798.74,0.02
1783991611,798.74,0.02
1783991626,798.74,0.02
1783991642,798.74,0.02
1783991657,798.74,0.02
1783991673,798.74,0.02
1783991688,798.74,0.02
1783991704,798.74,0.02
1783991719,798.74,0.02
1783991736,798.73,0.02
1783991751,798.74,0.02
1783991767,798.74,0.02
1783991782,798.74,0.02
1783991799,798.74,0.02
1783991814,798.74,0.02
1783991830,798.75,0.02
1783991845,798.75,0.02
1783991861,798.75,0.02
1783991876,798.75,0.02
1783991892,798.76,0.02
1783991907,798.76,0.02
1783991923,798.76,0.02
1783991938,798.76,0.02
1783991954,798.76,0.02
1783991969,798.76,0.02
1783991985,798.77,0.02
1783992000,798.77,0.02
1783992016,798.77,0.02
1783992031,798.76,0.02
1783992057,798.75,0.02
1783992072,798.76,0.02
1783992088,798.76,0.02
1783992103,798.76,0.02
1783992119,798.76,0.02
1783992134,798.76,0.02
1783992150,798.76,0.02
1783992165,798.77,0.02
1783992183,798.76,0.02
1783992198,798.77,0.02
1783992214,798.78,0.02
1783992229,798.78,0.02
1783992245,798.78,0.02
1783992260,798.78,0.02
1783992276,798.79,0.02
1783992291,798.80,0.02
1783992307,798.79,0.02
1783992322,798.74,-0.31
1783992339,798.76,-0.31
1783992354,798.76,-0.31
1783992370,798.74,-0.31
1783992385,798.75,-0.31
1783992401,798.75,-0.31
1783992416,798.73,-0.31
1783992432,798.73,-0.31
1783992447,798.73,-0.31
1783992463,798.73,-0.31
1783992478,798.67,-0.31
1783992494,798.65,-0.31
1783992509,798.64,-0.31
1783992525,798.63,-0.31
1783992540,798.63,-0.31
1783992556,798.64,-0.31
1783992571,798.64,-0.31
1783992587,798.65,-0.31
1783992602,798.65,-0.31
1783992618,798.65,-0.31
1783992633,798.64,-0.31
1783992649,798.64,-0.31
1783992664,798.64,-0.31
1783992680,798.63,-0.31
1783992695,798.61,-0.31
1783992711,798.63,-0.31
1783992726,798.64,-0.31
1783992742,798.64,-0.31
1783992757,798.64,-0.31
1783992773,798.63,-0.31
1783992788,798.62,-0.31
1783992805,798.62,-0.31
1783992820,798.63,-0.31
1783992835,798.63,-0.31
1783992850,798.63,-0.31
1783992866,798.63,-0.31
1783992881,798.63,-0.31
1783992898,798.63,-0.31
1783992913,798.63,-0.31
1783992929,798.63,-0.31
1783992944,798.62,-0.31
1783992971,798.61,-0.31
1783992986,798.61,-0.31
1783993002,798.60,-0.31
1783993017,798.60,-0.31
1783993033,798.60,-0.31
1783993048,798.59,-0.31
1783993064,798.59,-0.31
1783993079,798.60,-0.31
1783993095,798.59,-0.31
1783993110,798.59,-0.31
1783993128,798.59,-0.31
1783993143,798.59,-0.31
1783993159,798.59,-0.31
1783993174,798.59,-0.31
1783993190,798.59,-0.31
1783993205,798.60,-0.31
1783993221,798.60,-0.31
1783993236,798.60,-0.31
1783993252,798.60,-0.31
1783993267,798.60,-0.31
1783993283,798.58,-0.31
1783993298,798.57,-0.31
1783993314,798.58,-0.31
1783993329,798.58,-0.31
1783993345,798.59,-0.31
1783993360,798.59,-0.31
1783993377,798.59,-0.31
1783993392,798.59,-0.31
1783993408,798.60,-0.31
1783993423,798.59,-0.31
1783993439,798.59,-0.31
1783993454,798.59,-0.31
1783993470,798.59,-0.31
1783993485,798.59,-0.31
1783993501,798.59,-0.31
1783993516,798.59,-0.31
1783993532,798.60,-0.31
1783993547,798.60,-0.31
1783993565,798.60,-0.31
1783993580,798.59,-0.31
1783993596,798.59,-0.31
1783993611,798.59,-0.31
1783993627,798.60,-0.31
1783993642,798.60,-0.31
1783993658,798.59,-0.31
1783993673,798.60,-0.31
1783993690,798.61,-0.31
1783993705,798.61,-0.31
1783993721,798.61,-0.31
1783993736,798.61,-0.31
1783993752,798.61,-0.31
1783993767,798.61,-0.31
1783993783,798.61,-0.31
1783993798,798.61,-0.31
1783993814,798.60,-0.31
1783993829,798.60,-0.31
1783993845,798.59,-0.31
1783993860,798.58,-0.31
1783993887,798.58,-0.31
1783993902,798.59,-0.31
1783993918,798.59,-0.31
1783993933,798.61,-0.31
1783993949,798.62,-0.31
1783993964,798.62,-0.31
1783993980,798.62,-0.31
1783993995,798.61,-0.31
1783994011,798.60,-0.31
1783994026,798.60,-0.31
1783994042,798.60,-0.31
1783994057,798.60,-0.31
1783994075,798.60,-0.31
1783994090,798.60,-0.31
1783994106,798.60,-0.31
1783994121,798.60,-0.31
1783994138,798.60,-0.31
1783994153,798.60,-0.31
1783994169,798.60,-0.31
1783994184,798.60,-0.31
1783994200,798.60,-0.31
1783994215,798.60,-0.31
1783994231,798.60,-0.31
1783994246,798.60,-0.31
1783994263,798.60,-0.31
1783994278,798.60,-0.31
1783994294,798.60,-0.31
1783994309,798.61,-0.31
1783994325,798.61,-0.31
1783994340,798.60,-0.31
1783994356,798.60,-0.31
1783994371,798.60,-0.31
1783994387,798.60,-0.31
1783994402,798.60,-0.31
1783994418,798.59,-0.31
1783994433,798.58,-0.31
1783994449,798.58,-0.31
1783994464,798.58,-0.31
1783994480,798.57,-0.31
1783994495,798.57,-0.31
1783994512,798.59,-0.31
1783994527,798.57,-0.31
1783994543,798.57,-0.31
1783994558,798.57,-0.31
1783994574,798.58,-0.31
1783994589,798.60,-0.31
1783994605,798.61,-0.31
1783994620,798.62,-0.31
1783994636,798.62,-0.31
1783994659,798.62,-0.31
1783994675,798.62,-0.31
1783994690,798.62,-0.31
1783994706,798.62,-0.31
1783994721,798.62,-0.31
1783994737,798.61,-0.31
1783994752,798.62,-0.31
1783994768,798.63,-0.31
1783994783,798.63,-0.31
1783994811,798.64,-0.31
1783994826,798.63,-0.31
1783994842,798.65,-0.31
1783994857,798.65,-0.31
1783994873,798.66,-0.31
1783994888,798.66,-0.31
1783994904,798.66,-0.31
1783994919,798.66,-0.31
1783994935,798.66,-0.31
1783994950,798.65,-0.31
1783994966,798.65,-0.31
1783994981,798.65,-0.31
1783994997,798.62,-0.31
1783995012,798.62,-0.31
1783995030,798.62,-0.31
1783995045,798.61,-0.31
1783995061,798.60,-0.31
1783995076,798.60,-0.31
1783995092,798.60,-0.31
1783995107,798.61,-0.31
1783995123,798.60,-0.31
1783995138,798.60,-0.31
1783995154,798.60,-0.31
1783995169,798.59,-0.31
1783995185,798.58,-0.31
1783995200,798.58,-0.31
1783995222,798.58,-0.31
1783995237,798.59,-0.31
1783995253,798.58,-0.31
1783995268,798.58,-0.31
1783995284,798.58,-0.31
1783995299,798.58,-0.31
1783995315,798.58,-0.31
1783995330,798.58,-0.31
1783995347,798.58,-0.31
1783995362,798.57,-0.31
1783995378,798.57,-0.31
1783995393,798.58,-0.31
1783995410,798.59,-0.31
1783995425,798.60,-0.31
1783995441,798.60,-0.31
1783995456,798.60,-0.31
1783995472,798.60,-0.31
1783995487,798.60,-0.31
1783995503,798.57,-0.31
1783995518,798.57,-0.31
1783995534,798.57,-0.31
1783995549,798.56,-0.31
1783995565,798.54,-0.31
1783995580,798.53,-0.31
1783995596,798.53,-0.31
1783995611,798.54,-0.31
1783995628,798.53,-0.31
1783995643,798.54,-0.31
1783995659,798.54,-0.31
1783995674,798.54,-0.31
1783995690,798.54,-0.31
1783995705,798.54,-0.31
1783995731,798.54,-0.31
1783995746,798.55,-0.31
1783995762,798.55,-0.31
1783995777,798.55,-0.31
1783995793,798.53,-0.31
1783995808,798.53,-0.31
1783995824,798.51,-0.31
1783995839,798.51,-0.31
1783995855,798.51,-0.31
1783995870,798.51,-0.31
1783995886,798.51,-0.31
1783995901,798.51,-0.31
1783995917,798.51,-0.31
1783995932,798.51,-0.31
1783995948,798.50,-0.31
1783995963,798.50,-0.31
1783995981,798.50,-0.31
1783995996,798.49,-0.31
1783996012,798.48,-0.31
1783996027,798.48,-0.31
1783996043,798.48,-0.31
1783996058,798.48,-0.31
1783996074,798.47,-0.31
1783996089,798.47,-0.31
1783996106,798.48,-0.31
1783996121,798.48,-0.31
1783996137,798.48,-0.31
1783996152,798.48,-0.31
1783996168,798.49,-0.31
1783996183,798.49,-0.31
1783996199,798.50,-0.31
1783996214,798.50,-0.31
1783996230,798.50,-0.31
1783996245,798.50,-0.31
1783996261,798.51,-0.31
1783996276,798.52,-0.31
1783996292,798.52,-0.31
1783996307,798.52,-0.31
1783996323,798.52,-0.31
1783996338,798.51,-0.31
1783996354,798.51,-0.31
1783996369,798.51,-0.31
1783996386,798.51,-0.31
1783996401,798.50,-0.31
1783996417,798.50,-0.31
1783996432,798.50,-0.31
1783996448,798.50,-0.31
1783996463,798.51,-0.31
1783996479,798.50,-0.31
1783996494,798.50,-0.31
1783996510,798.50,-0.31
1783996525,798.50,-0.31
1783996541,798.50,-0.31
1783996556,798.50,-0.31
1783996572,798.51,-0.31
1783996587,798.51,-0.31
1783996603,798.51,-0.31
1783996618,798.51,-0.31
1783996645,798.51,-0.31
1783996660,798.51,-0.31
1783996676,798.51,-0.31
1783996691,798.51,-0.31
1783996707,798.51,-0.31
1783996722,798.52,-0.31
1783996738,798.52,-0.31
1783996753,798.52,-0.31
1783996769,798.52,-0.31
1783996784,798.53,-0.31
1783996800,798.53,-0.31
1783996815,798.53,-0.31
1783996831,798.53,-0.31
1783996846,798.54,-0.31
1783996862,798.54,-0.31
1783996877,798.55,-0.31
1783996893,798.55,-0.31
1783996908,798.55,-0.31
1783996926,798.55,-0.31
1783996941,798.55,-0.31
1783996957,798.55,-0.31
1783996972,798.55,-0.31
1783996988,798.55,-0.31
1783997003,798.55,-0.31
1783997019,798.55,-0.31
1783997034,798.55,-0.31
1783997050,798.55,-0.31
1783997065,798.55,-0.31
1783997081,798.56,-0.31
1783997096,798.56,-0.31
1783997112,798.56,-0.31
1783997127,798.56,-0.31
1783997144,798.56,-0.31
1783997159,798.56,-0.31
1783997175,798.56,-0.31
1783997190,798.56,-0.31
1783997206,798.55,-0.31
1783997221,798.55,-0.31
1783997239,798.57,-0.31
1783997254,798.56,-0.31
1783997270,798.56,-0.31
1783997285,798.55,-0.31
1783997301,798.56,-0.31
1783997316,798.56,-0.31
1783997332,798.56,-0.31
1783997347,798.55,-0.31
1783997363,798.55,-0.31
1783997378,798.55,-0.31
1783997394,798.56,-0.31
1783997409,798.56,-0.31
1783997425,798.56,-0.31
1783997440,798.56,-0.31
1783997456,798.56,-0.31
1783997471,798.55,-0.31
