ts,position_id,asset,direction,p_win,expected_pct,realized_pct,mfe_pct,mae_pct,held_h,stopped_out,recovered_after_stop,stress_during_hold,regime_entry,regime_exit,cause
1786504480,97ce75ff-181e-4d60-8fd5-70d8ea348b36,ADA,long,0.700,0.731,-0.049,1.405,-0.195,2.793,0,0,0,range,range,underperformance
1786600844,ef2a8c80-4694-4422-a094-ee4b0f7db0be,DOGE,short,0.700,0.648,-2.825,0.322,-2.058,7.976,1,0,0,bear,bear,alpha_wrong
1786624242,9e0f297e-7a3b-4588-9234-0008f75f15d4,BTC,short,0.700,0.720,-0.564,0.532,-0.452,36.001,0,0,0,bear,bear,underperformance
1786625088,68744e4d-4a06-48c2-b3ed-af53efb160be,ETH,short,0.700,0.608,-0.928,0.436,-0.930,36.002,0,0,0,bear,bear,underperformance
1786639674,16847b5a-9978-46e2-b9c3-af05e10abfff,XRP,short,0.700,0.613,0.161,1.372,-0.213,10.718,0,0,0,bear,bear,underperformance
1786640425,f15a71c2-35e9-42e3-87db-d81d36e9167a,ADA,short,0.700,0.632,0.129,1.468,-1.181,4.111,0,0,0,range,range,underperformance
1786697742,42bdcaec-7154-498f-b52a-e9db1b1a5384,BTC,long,0.500,-2.000,-1.324,0.000,-1.688,36.002,0,0,0,range,bear,
1786715321,647252d7-0157-4fd6-a7f3-5e2ecdd27d6f,SUI,short,0.700,0.755,0.110,1.507,-0.102,10.137,0,0,0,bear,bear,underperformance
1786721974,388a209f-8589-46ca-a4d3-cde1ba7e8cba,ADA,short,0.700,0.620,0.710,2.352,-0.713,6.692,0,0,0,range,range,
1786722466,04e39e86-f3bc-4063-9544-41838921bfc0,SUI,short,0.700,0.615,0.650,2.313,-0.378,27.230,0,0,0,bear,bear,
1786764279,36e47953-d6b0-4ff2-862a-6c32d6457781,LINK,long,0.700,0.653,8.765,0.984,0.000,32.435,0,0,0,range,range,
1786844930,9716db79-1c77-4a4c-9e88-ce7905d64ad9,ETH,long,0.700,0.607,-0.086,0.864,0.000,36.002,0,0,0,bull_quiet,bear,regime_shift
1786894136,3cc0e558-b949-4228-beea-b33981821761,SUI,short,0.812,1.386,0.210,1.721,0.000,36.057,0,0,0,range,range,underperformance
1786919611,e76c580e-02a7-486f-aeae-e6bbc56f80a0,ADA,short,0.700,0.640,1.076,0.000,-1.632,48.516,0,0,0,range,range,
1786926487,911f9e88-23e4-49a5-adfd-a30f35bff337,ETH,long,0.500,-2.000,-1.151,0.000,-1.219,99.542,0,0,0,range,bear,
1786929057,c031d650-f66c-4941-a5c6-a9d3b05d3413,SOL,long,0.700,0.619,-1.585,0.000,-0.926,56.995,0,0,0,bull_quiet,range,regime_shift
1786929057,c031d650-f66c-4941-a5c6-a9d3b05d3413,SOL,long,0.700,0.619,-1.585,0.000,-0.926,56.995,0,0,0,bull_quiet,range,regime_shift
1787021749,d8ea91aa-9f47-4ca9-a806-526a7f26022f,SUI,short,0.700,0.737,3.126,1.403,0.000,14.889,0,0,0,bear,range,
1787092601,febd3619-736c-4b2f-b8d2-be2c21e020f4,XRP,short,0.700,0.609,-0.781,0.069,-0.388,36.002,0,0,0,range,bear,regime_shift
1787103526,700fac5c-67bd-4552-b9c2-83178d7d64f2,PAXG,short,0.700,0.602,0.151,1.376,0.000,21.603,0,0,0,range,range,underperformance
1787112930,69696102-2b15-48b2-b4d2-39b4abf9d0f0,LINK,long,0.700,0.728,0.677,1.886,-0.001,33.079,0,0,0,bull_quiet,bull_quiet,
1787145634,6381f131-2ef3-45f5-b89e-d7b38399e739,PAXG,long,0.700,0.607,2.007,1.222,0.000,14.726,0,0,0,bull_quiet,range,
1787151550,ef54d6d3-d209-4101-9310-219e8ade5197,SOL,long,0.700,0.633,2.250,0.900,-0.360,1.447,0,0,0,range,bull_quiet,
1787153395,a761d1fa-0a24-4f9e-9353-8261df167ad8,BTC,long,0.500,-2.000,5.886,4.387,0.000,64.952,0,0,0,range,bear,
1787153455,7f6d0a77-7954-4689-8119-b442a013d6d8,ETH,long,0.500,-2.000,7.037,3.559,0.000,37.094,0,0,0,range,bull_quiet,
1787169558,a2643518-1766-43c8-b834-ae39d75c5ec4,SUI,short,0.700,0.694,-3.027,0.294,-2.280,3.969,1,0,0,bear,bear,alpha_wrong
1787169558,a2643518-1766-43c8-b834-ae39d75c5ec4-r1,SUI,short,0.700,0.694,-2.927,0.391,-2.180,3.969,1,0,0,bear,bear,alpha_wrong
1787172672,e58efd95-c18e-40f0-a5f7-609ec5ce8831,ETH,long,0.700,0.704,3.940,0.139,-0.149,0.244,0,0,0,bull_quiet,bull_quiet,
1787272654,b4155ef7-532e-4761-a92c-e309dd590da8,ADA,long,0.700,0.734,0.050,1.440,-1.067,2.978,0,0,0,range,crisis,regime_shift
1787275300,dc5d09ec-6b42-406a-bc7e-ca40dfae214e,ETH,long,0.700,0.663,0.192,1.823,-0.565,3.773,0,0,0,range,crisis,regime_shift
1787276299,7e998cec-4525-4805-a703-27f99a737adc,XRP,long,0.700,1.320,0.445,1.876,-1.191,3.940,0,0,0,range,crisis,regime_shift
1787455424,22cbe087-55cb-4c70-a2b5-b0f9ccfdc44c,SUI,long,0.700,0.709,-3.501,0.826,-2.191,1.703,1,0,0,range,range,alpha_wrong
1787455424,38bd8232-a28b-417a-8f35-ba026b81bf6b,SUI,long,0.700,0.709,-3.021,0.061,-1.706,1.239,1,0,0,range,range,alpha_wrong
1787462233,87d11410-c2ed-4f0c-bf67-fc4a6c548726,ETH,long,0.700,0.627,-2.846,0.438,-1.496,2.890,1,0,0,bull_volatile,bull_volatile,alpha_wrong
1787462433,64a4ebb1-6c1c-4178-b715-073f2f8971d1,DOGE,short,0.700,0.753,0.854,2.774,-0.309,1.915,0,0,0,range,bear,
1787484280,40304f3c-c54c-4763-9cce-6d1bc82ae9f4,LTC,short,0.700,0.678,-3.000,1.209,-2.321,7.100,1,0,0,range,range,alpha_wrong
1787486797,34867653-1191-4ced-b0c2-a200cd0690ee,ETH,long,0.700,0.643,-0.050,1.210,-0.152,3.933,0,0,0,bull_volatile,bull_volatile,underperformance
1787491055,ca31cad6-4dbd-433b-ac3d-f969408f76fa,LINK,short,0.700,0.693,-2.982,0.934,-2.239,7.716,1,0,0,bear,bear,alpha_wrong
1787531606,946e65db-b2b4-4d00-af0c-71e07f9e1602,SUI,short,0.700,0.762,0.622,2.361,-1.216,1.729,0,0,0,bear,bear,
1787572270,3e3368e4-8652-4a72-a74d-504fabfff220,BTC,long,0.700,0.619,0.176,1.408,-0.984,21.909,0,0,0,bull_volatile,bull_volatile,underperformance
1787572615,4e505f3d-242e-4031-9e3c-08a2b93e8583,LINK,long,0.700,0.679,0.235,1.507,-0.591,1.998,0,0,0,bull_volatile,bull_volatile,underperformance
1787579169,92187823-2d5c-4a40-8b61-b49e57260d20,ARB,long,0.700,0.706,-3.045,1.002,-2.305,8.826,1,0,0,bull_volatile,bull_volatile,alpha_wrong
1787613860,75033dce-57f7-4b6e-99fc-fafbe24c91fe,SUI,short,0.700,0.731,-0.136,1.361,-1.036,3.030,0,0,0,bear,bear,underperformance
1787626157,6b92bfbf-a672-4b49-8833-9d53919168a9,ETH,long,0.700,0.637,-0.122,0.706,-0.593,2.026,0,0,0,bull_quiet,bull_quiet,underperformance
1787644190,abd2cbad-edd9-40fa-8487-880147a49d42,DOGE,long,0.700,0.679,-2.973,0.073,-1.876,2.185,1,0,0,range,range,alpha_wrong
1787664926,7d2d3490-a4d0-4866-be54-911d1e75eeb2,XRP,short,0.700,0.688,0.554,2.336,-0.253,2.895,0,0,0,bear,bear,
1787693727,4a414704-0278-41fd-954a-b52c6dddb32e,ADA,short,0.700,0.689,1.230,3.215,-0.333,1.904,0,0,0,bear,range,
1787711920,30994c4a-6dee-41ac-8022-a1a58ddd0eff,PAXG,long,0.700,0.741,-1.106,0.000,-0.888,36.003,0,0,0,bull_volatile,range,regime_shift
1787737944,0310be6f-e8e4-4cd3-b42d-8f48f4578e3c,DOGE,short,0.700,0.650,0.178,1.155,-0.290,2.654,0,0,0,range,range,underperformance
1787750872,b8d7a8ff-b496-4211-b290-325280f988d8,ARB,long,0.700,0.825,-3.779,0.534,-2.778,11.083,1,0,0,bull_volatile,bull_volatile,alpha_wrong
1787754692,45af4f82-6034-4d1e-9962-f05ddacee1c7,ADA,long,0.700,0.745,-3.288,0.006,-2.486,2.093,1,0,0,range,range,alpha_wrong
1787784553,ad4e3e7b-4021-40dd-9bc7-57803648bffd,ETH,long,0.700,0.640,0.588,2.090,-0.089,4.749,0,0,0,bull_quiet,bull_quiet,
1787800883,ad638a6a-2f08-42a5-9819-11bb3dccfda0,PAXG,long,0.700,0.614,-0.733,0.706,-1.110,36.002,0,0,0,bull_volatile,range,regime_shift
1787808616,802c93c3-cc77-454c-8e22-cfc0f00798b6,MINA,long,0.700,0.929,-3.935,0.000,-3.163,2.111,1,0,0,bull_volatile,bull_volatile,alpha_wrong
1787818334,4587b1db-d81e-4c85-b938-2093f26eed96-r1,XRP,long,0.700,0.665,0.073,1.250,-0.004,0.098,0,0,0,range,range,underperformance
1787819833,4587b1db-d81e-4c85-b938-2093f26eed96,XRP,long,0.700,0.665,0.290,1.238,-0.092,0.514,0,0,0,range,range,underperformance
1787844712,fa03397e-7c91-4295-8c4b-ff78b93fb6ab,DOGE,long,0.700,0.679,0.515,1.949,-0.023,1.600,0,0,0,range,range,
1787869097,7adbc4ac-8b1e-445d-a4ac-1aef8baca561,SOL,short,0.700,0.703,-3.489,0.047,-2.223,3.695,1,0,0,bear,bear,alpha_wrong
1787881647,ce970d0f-a16c-4af9-b11c-520334175a11,BTC,long,0.700,0.622,-0.154,1.207,-0.187,2.291,0,0,0,bull_quiet,bull_quiet,underperformance
1787885511,d9f280a2-1fec-462c-8fc5-455e03e46611,LTC,long,0.700,0.652,-2.954,0.453,-2.035,28.758,1,0,0,range,range,alpha_wrong
1787984597,b2ef1127-f0b4-499a-a7e6-0d7f790d6bbd,DOT,long,0.850,2.523,-5.075,1.258,-3.894,25.822,1,0,0,range,range,alpha_wrong
1788038734,8ce1353c-8ea3-4801-8f03-f3eff0c01eac,ETH,long,0.850,3.121,-3.259,0.690,-2.952,36.002,0,0,0,bull_quiet,bull_quiet,underperformance
1788058117,5ad4bb5b-5eab-420c-be3a-e6316090806e,SOL,long,0.850,3.169,-2.022,1.750,-2.923,36.002,0,0,0,bull_volatile,bull_quiet,regime_shift
1788110677,9b40e8c1-64a6-4da2-b4c8-1afc0fe83eef,XRP,long,0.850,2.446,0.515,2.280,-0.664,19.928,0,0,0,range,range,underperformance
1788110690,17c4447c-3015-403a-8270-68ab9e20762d,SUI,long,0.850,2.433,0.674,2.729,0.000,14.148,0,0,0,range,range,underperformance
1788114449,ede71692-a7c6-48a6-88c3-30f1d3394955,SUI,short,0.850,2.456,-3.454,0.000,-3.098,36.003,0,0,0,range,range,underperformance
1788115652,3d6ba0af-44f7-477c-985a-a83872b7cb29,XRP,long,0.850,1.319,0.431,1.636,-0.014,1.356,0,0,0,range,range,underperformance
1788122598,76031317-7f3a-430e-bc03-c67943d93a1d,XRP,long,0.850,1.326,-2.739,0.042,-1.963,1.884,1,0,0,range,range,alpha_wrong
1788122700,104f812a-bf2c-4eb8-9467-9c4ac416b11d,SOL,long,0.850,1.319,-2.517,0.129,-1.905,2.263,1,0,0,bull_quiet,bull_quiet,alpha_wrong
1788124220,66a5b05c-1ace-467a-87f0-0c094f46825c,DOGE,short,0.850,1.537,0.168,1.191,-1.094,3.744,0,0,0,range,range,underperformance
1788132979,684cafb3-0f03-4fd3-a52c-5e78c9a25202,XRP,long,0.850,1.347,-2.730,0.000,-1.550,0.616,1,0,0,range,range,alpha_wrong
1788136401,6b0e93b3-243b-4101-85f1-586ee15b26ef,ETH,long,0.500,-2.000,-1.195,4.824,-0.923,190.308,0,0,0,bull_volatile,bear,
1788201833,716d34fe-bf48-42de-a83b-5b03998ddf88,XRP,short,0.850,1.375,-2.814,0.468,-1.985,11.601,1,0,0,range,range,alpha_wrong
1788201833,716d34fe-bf48-42de-a83b-5b03998ddf88-r1,XRP,short,0.850,1.375,-2.722,0.558,-1.893,11.601,1,0,0,range,range,alpha_wrong
1788243879,e29db449-999b-4803-ae27-9f0efa01919e,SOL,long,0.850,1.323,0.048,1.242,-0.291,6.805,0,0,0,bull_quiet,crisis,regime_shift
1788287292,a36d6a69-d1b0-4ef0-abc4-78d792c7be25,DOGE,long,0.850,1.539,-3.092,0.962,-2.381,27.749,1,0,0,range,crisis,regime_shift
1788319600,a9a57fe6-829a-4e31-9b10-2ff1ac7aa629,SUI,short,0.850,1.373,-2.701,0.562,-2.164,1.677,1,0,0,range,range,alpha_wrong
1788322087,83688c17-9f33-4071-873e-76007b54c09c,DOT,long,0.850,1.647,0.639,2.301,-1.173,3.296,0,0,0,range,range,underperformance
1788339151,f11ca179-7fc5-4e5c-a00d-ead5206c934d,ADA,long,0.850,1.358,-2.736,0.184,-2.051,5.425,1,0,0,range,range,alpha_wrong
1788345203,dc5cdb6a-25c4-4614-946a-3bd68d5484b5,ETH,long,0.850,1.258,-2.576,0.794,-1.801,6.393,1,0,0,bull_quiet,bull_quiet,alpha_wrong
1788346742,55eb718f-6526-4933-b507-6cdea4224dbe,SUI,short,0.850,1.333,0.695,2.097,-0.240,1.557,0,0,0,range,range,underperformance
1788348906,2cd27fd1-44d0-4744-a6d4-046aab8a8440,ETH,short,0.850,1.274,0.713,2.195,-0.736,10.755,0,0,0,range,bull_quiet,regime_shift
1788393783,94861d33-09a1-4466-b057-b5dca7686df6,SUI,short,0.850,1.399,-2.839,0.177,-2.081,1.680,1,0,0,bear,bear,alpha_wrong
1788408199,05313cef-d0b7-4b14-83ec-d2165d2c0d3e,ARB,long,0.850,2.078,-3.646,0.459,-2.829,0.801,1,0,0,bull_volatile,bear,alpha_wrong
1788444860,1e642bbd-e1f9-4e25-aeec-7b98e97921ba,ADA,short,0.850,1.402,-2.828,0.557,-2.007,4.524,1,0,0,bear,bear,alpha_wrong
1788444877,1e642bbd-e1f9-4e25-aeec-7b98e97921ba-r1,ADA,short,0.850,1.402,-2.811,0.641,-2.161,4.529,1,0,0,bear,bear,alpha_wrong
1788445625,b6baaa82-3b47-4e81-8b98-71962fbca0b3,BTC,long,0.850,1.273,2.168,2.549,-0.738,21.986,0,0,0,bull_quiet,bull_quiet,
1788448344,b940cd09-3674-439f-93fd-6d02dbb30f0b,BTC,long,0.850,1.246,0.295,1.530,-0.048,0.527,0,0,0,bull_quiet,bull_quiet,underperformance
1788474749,6037e442-0ba4-425c-af73-6697d628cf98,BTC,long,0.500,-2.000,3.924,6.859,0.000,282.811,0,0,0,bull_volatile,range,
1788488568,d1433d01-8ca6-4680-8df9-33395a47638f,DOGE,long,0.850,1.443,-2.907,0.595,-2.307,5.202,1,0,0,bull_quiet,range,alpha_wrong
1788501509,5ca1fd6c-cca3-44d8-ab0f-b8d789b4785c,SUI,short,0.850,1.374,-0.016,1.164,-0.673,4.072,0,0,0,range,range,underperformance
1788513679,c1f88204-6725-48a7-8065-136609b68ff2,XRP,long,0.850,1.310,0.185,1.287,-0.011,1.128,0,0,0,bull_quiet,bull_quiet,underperformance
1788610073,8868d595-723b-47ac-9c75-19c6c7c57f87,DOGE,short,0.850,1.251,-2.535,0.371,-1.918,12.749,1,0,0,bear,range,alpha_wrong
1788611580,e801267c-2ef5-4e54-99e4-78ab9f0da27d,DOGE,short,0.850,1.442,-2.912,0.252,-1.722,17.842,1,0,0,bear,range,alpha_wrong
1788637035,398d2c0e-76c0-4c90-aa1b-841d27f81d8a,SOL,long,0.850,1.537,0.201,1.588,-0.029,7.009,0,0,0,bull_quiet,bull_quiet,underperformance
1788654832,0b58edea-2b0a-4733-9cd4-cb5c67b99d7d,SUI,short,0.850,1.407,0.450,1.777,-0.427,4.909,0,0,0,bear,crisis,regime_shift
1788655991,2759d98c-468c-4502-ba6d-d6c7b6072ecd,ETH,long,0.850,1.377,0.795,1.462,-0.727,36.002,0,0,0,bull_quiet,crisis,regime_shift
1788743882,b0b44b27-5976-4cda-9e1a-67f91383aa9d,SUI,short,0.850,1.290,0.104,0.961,-0.003,0.102,0,0,0,range,range,underperformance
1788766824,60ddd252-aba9-4a0b-8466-c788ce6ec34e,XRP,long,0.850,1.242,-2.418,0.016,-1.636,4.765,1,0,0,bull_quiet,bull_quiet,alpha_wrong
1788795642,9a1836fd-88e9-4319-827c-76610d62bb5f,ETH,long,0.850,1.169,-2.364,0.000,-1.783,12.575,1,0,0,bull_quiet,range,alpha_wrong
1788845308,917587bd-2f88-4edd-b11d-da9647abed06,PAXG,long,0.850,1.128,0.063,1.050,-0.222,21.798,0,0,0,range,range,underperformance
1788873735,e2e3d678-5cbb-4285-9fa8-f56c660bddd9,PAXG,short,0.850,1.112,-0.885,0.130,-1.143,36.002,0,0,0,range,range,underperformance
1788893279,9699a06a-3b25-4d01-872e-cf4ccefe81eb,ETH,long,0.850,1.142,-0.113,0.921,-1.620,13.292,0,0,0,bull_quiet,bull_quiet,underperformance
1788989753,d598822d-7ae8-4fa3-bb3b-6f48831d11dd,BTC,long,0.850,1.123,-1.362,0.000,-0.737,53.761,0,0,0,range,range,underperformance
1789005026,c98ae415-eab9-483f-aa7a-3f2502995340,PAXG,long,0.850,1.377,-0.364,0.352,-1.200,36.002,0,0,0,range,range,underperformance
1789023539,0526a410-e748-455b-a962-626f28e12489,PAXG,long,0.850,1.152,0.554,1.253,0.000,36.048,0,0,0,bull_quiet,range,regime_shift
1789044419,077a6f9b-1483-4747-9233-f9c73885c2a1,BTC,long,0.850,0.975,-2.025,0.441,-1.484,14.774,1,0,0,range,bull_quiet,alpha_wrong
1789044419,f1aaec6b-0f6b-4f0f-8ac4-25ab1f156242,ETH,long,0.850,0.964,-2.005,0.766,-0.965,10.795,1,0,0,bull_quiet,bull_quiet,alpha_wrong
1789044920,6bab41cc-c811-48fd-bfdc-e2324d127229,BTC,short,0.850,0.935,1.566,1.485,0.000,5.864,0,0,0,range,bull_quiet,
1789090890,08cd9ab0-0911-4d7b-a70c-f8513970e585,LINK,long,0.850,1.312,-2.654,0.583,-1.982,12.825,1,0,0,bull_volatile,bear,alpha_wrong
1789119483,29d438ea-4c25-4b6b-8703-f294f525f8de,ETH,long,0.850,0.954,0.133,1.325,-0.404,7.869,0,0,0,bull_quiet,bull_quiet,underperformance
1789129843,eed5679b-9eba-4fc5-b905-222549c2d914,BTC,short,0.850,0.923,0.109,0.346,-0.149,2.280,0,0,0,range,range,underperformance
1789132117,efbebf2e-fe56-45f2-b7ae-1cf6f19fbfc7,BTC,long,0.850,0.950,0.334,1.293,-1.301,24.294,0,0,0,bull_quiet,range,regime_shift
1789135736,e602d04f-ed8a-42b1-8e43-f30ca5277c2e,ETH,long,0.500,-2.000,4.933,4.236,-0.651,277.081,0,0,0,bear,bull_quiet,
1789135941,cb85085c-358d-41e3-9670-dd5db552c054,PAXG,long,0.850,0.967,0.071,0.916,-1.361,21.165,0,0,0,range,range,underperformance
1789136325,1b8cfc59-1d95-4df2-8057-33f5255ced6e,PAXG,long,0.850,0.959,0.348,1.340,0.000,1.692,0,0,0,range,range,underperformance
1789142046,a3f4184b-08e6-4b95-bdeb-62778e3f9314,BTC,long,0.850,0.998,-2.181,0.076,-1.375,1.767,1,0,0,range,range,alpha_wrong
1789142204,99ec3b2c-a013-42cb-b935-08499e212b0c,BTC,long,0.500,-2.000,-4.056,0.000,-5.924,177.538,0,0,0,bull_quiet,bear,cost_overrun
1789228361,a79995d3-fd23-4302-8178-6143a51a1299,LINK,long,0.850,1.004,0.006,0.933,-0.122,9.906,0,0,0,range,range,underperformance
1789284117,f472d338-ca0a-4c56-8cf0-d2084f54a3a1,PAXG,short,0.850,0.973,-0.457,0.051,-0.081,36.002,0,0,0,range,range,underperformance
1789291514,bab80738-5299-4345-ac8c-76d8b0630326,ETH,long,0.850,1.172,-2.515,0.114,-0.662,14.937,1,0,0,bull_quiet,bull_quiet,alpha_wrong
1789295412,f08bc2cb-0403-498c-af18-7b7a2eb0eac9,ETH,long,0.500,-2.000,-3.856,0.000,-3.966,44.310,0,0,0,bull_quiet,bear,cost_overrun
1789299225,7ff59896-424b-425d-a3dc-703bb4a03bc6,BTC,long,0.850,0.982,-1.169,0.155,-0.789,36.002,0,0,0,bull_quiet,range,regime_shift
1789325239,9d8785cb-13ee-4774-8c6a-cd4868f3b8e6,LINK,short,0.850,1.001,-2.073,0.058,-1.508,2.785,1,0,0,range,range,alpha_wrong
1789379522,c585ce36-33f8-4d35-9163-7c3badd6fe46,BTC,short,0.850,1.171,-2.521,0.422,-1.778,11.051,1,0,0,range,range,alpha_wrong
1789391592,3286333c-592d-43ed-a051-3a283173f6bf,ETH,short,0.850,0.959,0.205,1.054,-0.066,2.882,0,0,0,bear,bear,underperformance
1789400052,3bd06d92-c5f9-493c-9ce3-bb74c3f152a1,PAXG,short,0.850,1.180,0.631,2.035,-0.119,29.741,0,0,0,range,range,underperformance
1789403099,14d54682-bbc7-425a-93f8-b164dcdac3b3,PAXG,short,0.850,1.177,0.384,2.078,-0.075,32.961,0,0,0,range,range,underperformance
1789408590,f9ab306d-194a-405b-9348-b7670036b7a5,LINK,long,0.850,1.062,1.566,2.229,-0.145,4.182,0,0,0,range,range,
1789432965,16652e19-ca79-472c-b972-eaa219958ace,BTC,long,0.850,0.973,-1.967,0.000,-1.448,5.117,1,0,0,range,range,alpha_wrong
1789466618,352f83f6-f89b-45d3-b078-bf07477987a8,ETH,long,0.500,-2.000,-2.164,2.579,-1.228,36.002,0,0,0,bull_quiet,bear,
1789469728,a5e3ac8b-2426-4e9c-8a1d-2ae46bed8a23,PAXG,short,0.850,0.948,0.140,1.020,-0.211,18.408,0,0,0,range,range,underperformance
1789483149,2ab18574-7f2c-4b29-aafc-138c1da7a06f,BTC,long,0.850,0.924,-1.860,0.231,-0.897,4.234,1,0,0,range,range,alpha_wrong
1789483689,0ef588a0-297e-4cd1-9a80-3d1f82833e73,BTC,long,0.500,-2.000,-2.475,1.825,-2.457,94.496,0,0,0,bear,bear,cost_overrun
1789530736,5c9cb3cc-3832-4b38-918e-b3f27f38d2f6,PAXG,short,0.850,0.952,-1.145,0.715,-1.027,36.002,0,0,0,range,range,underperformance
1789552912,eb56e4f7-2b29-4b0b-8319-4d81c77f62fc,PAXG,short,0.850,0.934,-1.875,0.018,-1.431,19.004,1,0,0,range,range,alpha_wrong
1789560646,82918175-6a57-49dc-a2e1-6ba9c6346df2,ETH,long,0.850,1.176,0.238,1.036,-0.591,11.062,0,0,0,range,range,underperformance
1789582185,500f4181-d546-4e76-8e49-6d666245821e,BTC,long,0.850,0.945,0.116,0.399,-0.620,1.750,0,0,0,range,range,underperformance
1789583837,6b8bc8f2-bc1b-4733-b4ee-c549425a1de3,PAXG,long,0.850,1.198,-2.493,0.209,-0.764,7.163,1,0,0,range,range,alpha_wrong
1789585780,09e39bec-54ae-4fd1-886d-5d6d4a6d7021,PAXG,long,0.850,1.205,-2.494,0.538,-0.487,9.224,1,0,0,range,range,alpha_wrong
1789606592,3c27dbaa-008d-4a25-b5ae-51a7540a5388,LINK,long,0.850,1.172,0.715,2.090,-0.133,2.004,0,0,0,range,range,underperformance
1789608356,b4603347-58c1-48df-8b31-9d545eaacdc9,ETH,short,0.850,1.306,-2.313,0.812,-1.563,27.444,1,0,0,range,range,alpha_wrong
1789648942,5800986a-9b60-4a2c-b78d-ab04848ce3c2,ETH,long,0.850,0.967,0.420,1.404,-0.583,7.567,0,0,0,range,range,underperformance
1789652863,215f4bd8-164c-4ba0-bd8f-c5f59c422396,LINK,short,0.850,1.052,0.184,1.190,-0.020,0.729,0,0,0,range,range,underperformance
1789695823,63b2295d-5b2b-4b1e-808d-1b188db2588c,LINK,short,0.850,1.326,-2.634,0.062,-1.982,3.388,1,0,0,range,range,alpha_wrong
1789701385,4d6fd119-2e0b-4095-8ba0-e5e84565585a,LINK,long,0.850,1.271,2.241,1.795,-1.247,9.753,0,0,0,range,bull_quiet,
1789718977,5d336710-1c3a-448d-adcf-d23f2e991264,LINK,long,0.850,1.247,-0.088,1.193,-0.532,4.860,0,0,0,bull_quiet,bear,regime_shift
1789750268,eb468fbf-2111-4dc5-841c-3f4c814e5558,BTC,long,0.500,-2.000,2.555,6.698,0.000,38.695,0,0,0,bear,bull_volatile,
1789780172,0c8aafec-5012-4aeb-9ee4-7156384039ff,BTC,long,0.850,0.993,0.183,1.032,-0.369,8.235,0,0,0,bull_volatile,bull_quiet,regime_shift
1789787104,4a654ba2-e73f-48bb-8381-ae3ceba8e6b6,LINK,short,0.850,1.098,-2.222,0.436,-1.606,3.736,1,0,0,bear,bull_quiet,alpha_wrong
1789806395,e788d552-a3c2-437f-8ebf-937e70800ac5,ETH,long,0.850,0.954,0.191,0.414,-0.282,2.751,0,0,0,range,bull_quiet,regime_shift
1789815353,d1ba7758-c3d4-4203-9b1d-981c12312dde,LINK,long,0.850,1.057,0.462,1.534,-0.140,2.031,0,0,0,bull_quiet,bull_quiet,underperformance
1789833896,e739a94f-1c8c-47cb-9e22-4d1b4c1a6de5,ETH,long,0.500,-2.000,4.113,9.479,0.000,62.163,0,0,0,range,bull_volatile,
1789866236,505c96b2-3013-4d25-923d-5af1b8cbddea,PAXG,short,0.850,0.930,-0.633,0.000,-0.257,36.003,0,0,0,range,range,underperformance
1789872085,628d806c-74d3-4f24-a3af-1251d85defb9,ETH,long,0.850,0.956,-1.913,0.004,-1.428,8.037,1,0,0,bull_quiet,bull_quiet,alpha_wrong
1789872298,37e6d8ca-4a8e-4645-a93b-cfe6c37ac3ca,ETH,long,0.850,0.962,-1.949,0.121,-1.208,2.698,1,0,0,bull_quiet,bull_quiet,alpha_wrong
1789872845,274b3aa9-9ba7-4a9a-ae87-47bde8fd2c8f,BTC,long,0.850,0.914,-1.882,0.466,-1.357,12.542,1,0,0,bull_quiet,bull_quiet,alpha_wrong
1789918147,ab92b769-7c7a-41ba-bba0-2a035adf9816,ETH,long,0.850,0.936,0.106,0.931,-0.268,3.495,0,0,0,bull_quiet,bull_quiet,underperformance
1789938667,17f9141e-d3ca-4f5c-ae54-aced600b293c,LINK,long,0.850,1.071,-2.309,0.176,-1.578,4.137,1,0,0,bull_quiet,bear,alpha_wrong
1789949204,fb158e7a-2610-487b-86dc-179640aea588,BTC,short,0.850,0.931,-1.875,0.322,-1.268,20.060,1,0,0,bear,bull_quiet,alpha_wrong
1789955768,58da200e-93aa-42b9-8f27-e85c5092c097,LINK,long,0.850,1.130,-2.283,0.699,-0.775,0.915,1,0,0,bull_quiet,bull_quiet,alpha_wrong
1789955778,58da200e-93aa-42b9-8f27-e85c5092c097-r1,LINK,long,0.850,1.130,-2.302,0.785,-0.690,0.918,1,0,0,bull_quiet,bull_quiet,alpha_wrong
1789987244,a961add5-c210-47b4-b823-7d701ddc4668,BTC,long,0.500,-2.000,3.344,3.449,-1.518,40.477,0,0,0,bull_quiet,bull_quiet,
1790012900,811470f1-db9a-46c9-bac2-cb0bf2b6cc3c,ETH,long,0.500,-2.000,1.685,5.393,-0.530,24.404,0,0,0,bull_quiet,bull_quiet,
1790046718,4dd8c988-8274-4242-b7fd-92a4d1437152,ETH,long,0.850,1.026,-2.027,0.661,-1.560,5.702,1,0,0,bull_quiet,bull_quiet,alpha_wrong
1790066497,3f9222d2-82c2-460b-a2ab-01e3134f3815,PAXG,short,0.850,0.928,0.127,1.129,-0.178,6.865,0,0,0,range,range,underperformance
1790107608,abc99469-0343-4238-a8b4-6ccd36b48707,PAXG,long,0.850,0.942,-0.137,0.533,-1.184,36.002,0,0,0,range,bull_quiet,regime_shift
1790119263,a8fee2cb-0429-46cb-9832-b5727a394946,ETH,long,0.850,0.967,0.067,0.872,-0.980,10.650,0,0,0,bull_quiet,bull_quiet,underperformance
1790129931,4898a20a-6601-4fcd-84ba-afcccc86996b,PAXG,long,0.850,0.954,-0.506,0.751,-0.970,36.001,0,0,0,range,range,underperformance
1790136035,1c86bc9c-9526-4d4f-9d82-ae6948adc0b6,LINK,long,0.850,1.069,0.371,1.440,-0.034,1.230,0,0,0,bull_quiet,bull_quiet,underperformance
1790140942,c717c7af-0f33-4b1f-a2fd-edf57049b4bf,BTC,long,0.850,0.941,0.085,1.112,-0.257,5.957,0,0,0,bull_quiet,bull_quiet,underperformance
1790153382,a73c9e9c-c645-4413-b592-81d923e7166e,ETH,long,0.850,0.961,-1.942,0.433,-1.420,4.651,1,0,0,bull_quiet,bull_quiet,alpha_wrong
1790167236,31802cde-0485-401b-9ce8-1f452bd7ab99,BTC,long,0.500,-2.000,-1.345,1.222,-1.293,36.001,0,0,0,bear,bear,
1790172700,8977d83a-1c89-416f-9a28-a389f58643c2,BTC,long,0.850,0.940,-1.880,0.113,-1.447,6.305,1,0,0,bull_quiet,bear,alpha_wrong
1790172800,ce434ce9-ec3f-41c0-8f4d-c2ee5fd12fb1,ETH,long,0.850,1.176,-2.474,0.262,-0.602,1.152,1,0,0,bull_quiet,bull_quiet,alpha_wrong
1790175201,085fafb8-139d-4952-b7b1-d9665820c0d7,PAXG,short,0.850,0.939,0.172,0.947,-1.074,32.458,0,0,0,range,range,underperformance
1790202687,bfabe0fa-41ce-4b34-ad29-3cfcc93fdb14,ETH,long,0.850,1.016,0.356,1.231,0.000,4.887,0,0,0,bull_quiet,bull_quiet,underperformance
1790216038,6049e6dc-de33-4769-a95a-7971b964f19e,LINK,short,0.850,1.311,0.143,1.261,-0.280,2.629,0,0,0,range,bull_quiet,regime_shift
1790242259,5f1dba10-66f3-4b1a-8c56-88948aae30cd,ETH,long,0.850,0.974,-1.988,0.418,-1.433,3.620,1,0,0,bull_quiet,bull_quiet,alpha_wrong
1790266561,9f26307d-d5a6-4fc2-8a62-79171740bd0b,LINK,long,0.850,1.143,1.948,1.998,-1.181,1.457,0,0,0,bull_quiet,bear,
1790329592,7cea38af-e8db-4d56-bafb-5b0301a0e34f,ETH,long,0.850,0.971,-0.056,0.750,-0.925,9.336,0,0,0,bull_quiet,bull_quiet,underperformance
1790336472,f787803e-7973-429e-88ab-0fb3d511f3ba,BTC,long,0.850,0.985,0.085,1.069,-0.697,14.543,0,0,0,bull_quiet,bull_quiet,underperformance
1790341369,8af800cd-04c9-43d2-9495-dedcf5a5526d,PAXG,long,0.850,1.182,0.105,1.248,-0.277,26.153,0,0,0,range,range,underperformance
1790344026,435d6aaa-e680-4b7a-901f-2ffe93c647d3,ETH,long,0.850,0.966,-2.033,0.000,-1.522,2.072,1,0,0,bull_quiet,bull_quiet,alpha_wrong
1790348825,df90faec-9a8d-4c2a-969c-fb0f6cfc5685,ETH,long,0.500,-2.000,-1.130,0.000,-3.969,67.191,0,0,0,bull_quiet,bear,
1790351898,76facd35-b4ef-4386-a49b-84bf5dad3ef5,LINK,short,0.850,1.890,0.819,1.974,-0.190,0.780,0,0,0,bear,bear,underperformance
1790459367,2f97725d-f24a-4cee-8cc5-8f96cb5711c2,PAXG,long,0.850,0.913,-0.634,0.000,-0.307,36.003,0,0,0,range,range,underperformance
1790494272,3ccdc9da-1f11-4901-8399-2e422fe2d450,BTC,long,0.850,0.984,0.152,0.723,-0.438,36.002,0,0,0,bull_quiet,bull_quiet,underperformance
1790514064,e6382cb1-5faa-43d9-9990-2469de052f6e,ETH,long,0.850,0.926,0.117,1.372,-0.056,15.140,0,0,0,bull_quiet,bull_quiet,underperformance
1790516963,42289bda-659c-4207-a254-674f3ac70a37,PAXG,long,0.850,0.906,-0.545,0.083,-0.102,36.002,0,0,0,range,range,underperformance
1790526671,bd194f0a-cc38-4575-8911-324e6a0b50e0,LINK,long,0.850,1.065,0.212,1.134,-0.307,1.503,0,0,0,bull_quiet,bull_quiet,underperformance
1790547262,20840e4a-ab0e-40e9-9bd7-cda99fc4f71a,LINK,long,0.850,1.033,-2.002,0.254,-1.575,3.977,1,0,0,bull_quiet,bull_quiet,alpha_wrong
1790559861,e40c271d-19ca-4a31-bd97-1bc329c82428,ETH,long,0.850,0.925,-1.892,0.351,-1.443,12.607,1,0,0,bull_quiet,bull_quiet,alpha_wrong
1790564956,43896072-3d3f-4f27-abd6-c0b97541ca76,BTC,long,0.500,-2.000,-1.263,0.987,-0.895,90.760,0,0,0,bull_quiet,bear,
1790573002,33b643f5-2f97-4df8-96da-57780dea33b9,BTC,long,0.850,1.171,-2.441,0.021,-1.777,21.528,1,0,0,bull_quiet,bear,alpha_wrong
1790575217,449d14de-c3e3-4547-adaa-80c42c9b8612,PAXG,short,0.850,0.901,1.571,1.856,0.000,7.739,0,0,0,range,range,
1790606434,60f050f6-c94b-451e-bc02-84863e712f45,PAXG,long,0.850,1.194,-2.435,0.000,-1.754,12.825,1,0,0,range,range,alpha_wrong
1790606825,4ce79e90-34d4-4a31-9729-9e350a8a6938,PAXG,long,0.850,0.935,-1.889,0.000,-1.318,9.003,1,0,0,range,range,alpha_wrong
1790615655,5388320d-b1bb-47c0-8969-c3514d0ece32,BTC,short,0.850,0.964,-1.992,0.338,-1.454,2.425,1,0,0,range,bear,alpha_wrong
1790682586,1af6ccdd-47f6-4639-8bd8-87348cd90ccd,BTC,short,0.850,0.960,-1.897,0.491,-1.392,29.777,1,0,0,bear,crisis,alpha_wrong
1790751244,4c017260-9c24-4544-9f91-e95411888fa0,PAXG,short,0.850,0.937,-1.909,0.000,-1.442,31.273,1,0,0,bear,range,alpha_wrong
1790771496,08743a37-c4ae-4fa9-9a94-02b7f5936a35,ETH,long,0.850,0.848,1.468,1.803,-0.272,4.209,0,0,0,bull_quiet,bull_quiet,
1790772058,2c7752a9-e36e-4cbd-aaed-d25a12964d76,BTC,long,0.850,0.856,1.521,1.300,-0.632,10.808,0,0,0,bull_quiet,bull_quiet,
1790773153,db98cb92-f50b-46ca-be23-17fed245a93b,LINK,long,0.850,0.885,0.192,1.368,-0.078,0.370,0,0,0,bull_quiet,bull_quiet,underperformance
1790778915,feeb2083-eb9b-48b2-aed8-91e3f2a6ff67,BTC,long,0.850,0.820,-1.885,0.007,-1.386,0.584,1,0,0,bull_quiet,range,alpha_wrong
1790813922,a5ba3726-651f-4b99-b4d0-ab12a533967c,PAXG,long,0.850,0.855,-1.835,0.000,-1.383,11.323,1,0,0,range,range,alpha_wrong
1790816850,ba41e4b0-c202-4e48-922d-402712f93feb,PAXG,short,0.850,0.862,0.026,0.908,-0.076,18.348,0,0,0,range,range,underperformance
1790839224,b0419f36-85d8-4332-bcb3-5e5d1753f247,ETH,long,0.850,0.854,-0.090,1.069,-0.003,3.477,0,0,0,bull_quiet,bull_quiet,underperformance
1790872705,48075f26-f329-4e3d-b25f-b0b353ea5ece,BTC,long,0.850,0.841,0.160,1.050,-0.284,6.270,0,0,0,bull_quiet,bull_quiet,underperformance
1790875059,bcecdebb-37cd-4ac6-aa75-c602123d0e6d,BTC,short,0.850,0.814,-1.784,0.473,-1.246,26.541,1,0,0,range,bull_quiet,alpha_wrong
1790904040,b02dcb02-695b-41aa-a649-77fe87a53e1b,LINK,long,0.850,1.074,-2.212,0.465,-1.653,5.351,1,0,0,bull_quiet,bull_quiet,alpha_wrong
1790904060,435ac537-c622-4f4b-be88-cb16b2de4e3a,LINK,long,0.850,0.839,-1.897,0.060,-1.318,1.354,1,0,0,bull_quiet,bull_quiet,alpha_wrong
1790949039,404a19b7-6efe-447b-878c-fd5bb2ed392d,ETH,long,0.850,0.825,-0.151,0.868,-0.105,2.857,0,0,0,bull_quiet,bull_quiet,underperformance
1790966390,c1030fb6-5d58-4f7c-ae39-43d56c4e5984,ETH,long,0.850,0.818,-1.760,0.041,-0.911,1.836,1,0,0,bull_quiet,range,alpha_wrong
1791002073,0e58f102-6af6-4ce4-a425-60170b7c324e,PAXG,short,0.850,0.759,0.025,0.903,0.000,36.002,0,0,0,range,range,underperformance
1791051935,8167c2b0-2fd1-4964-9cdf-5f3c1b79e07c,PAXG,short,0.850,0.873,0.656,1.185,0.000,36.002,0,0,0,range,range,
1791092395,8fd2db2c-b477-42df-8691-4809bb2a01c0,LINK,short,0.850,0.988,-0.014,0.914,-0.790,6.274,0,0,0,range,bull_quiet,regime_shift
1791125052,f25b6101-6946-437b-bf48-45a213e999fc,PAXG,long,0.850,0.913,-0.628,0.000,-0.211,36.009,0,0,0,range,range,underperformance
1791125211,792c12b8-c234-43c3-9ab6-f2da3b259cd4,ETH,long,0.850,0.860,0.127,1.113,0.000,33.407,0,0,0,bull_quiet,bull_quiet,underperformance
1791152188,92aa0f9e-0b9f-47a6-bd08-914232acdbd1,BTC,long,0.850,0.869,1.668,1.304,0.000,16.513,0,0,0,bull_quiet,bull_quiet,
1791158582,5eee2e83-8dd9-4dff-a9bb-3b47546f6a74,ETH,long,0.850,0.860,0.536,1.055,0.000,9.197,0,0,0,bull_quiet,bull_quiet,underperformance
1791210638,b28395f7-da98-4a7d-b433-d07b8da46276,LINK,long,0.850,0.923,-1.936,0.834,-1.436,23.000,1,0,0,bull_quiet,bull_quiet,alpha_wrong
1791217005,04bc6778-7b56-4225-a0ac-39428e59738a,BTC,long,0.850,0.842,-1.786,0.448,-1.320,7.665,1,0,0,bull_quiet,bull_quiet,alpha_wrong
1791250856,e04b9a6f-ceca-45ff-a058-daedf3e99369,BTC,long,0.850,0.727,0.100,1.164,-0.016,9.221,0,0,0,bull_quiet,bull_quiet,underperformance
1791293994,09e472a6-5fc9-4c45-ba91-c2435132c920,PAXG,long,0.850,0.873,0.180,1.115,-0.279,10.392,0,0,0,range,range,underperformance
1791304106,cfd2c860-5619-48cf-a044-e302474e9ade,ETH,long,0.850,0.728,-0.798,0.527,-1.019,36.010,0,0,0,bull_quiet,bull_quiet,underperformance
1791337999,5a28073c-4fab-4b9e-8b95-8f848c47878f,BTC,long,0.850,0.727,-1.954,0.000,-1.346,12.099,1,0,0,bull_quiet,bull_quiet,alpha_wrong
1791360094,f2bb36bf-db8e-4d20-a4e9-d2c76cfc88b8,PAXG,long,0.850,0.724,-0.803,0.945,-0.276,36.009,0,0,0,range,range,underperformance
1791367895,50f6032b-b0bf-4c29-97ab-f034f960f5e6,LINK,short,0.850,1.036,0.233,0.982,-1.096,6.378,0,0,0,bear,bear,underperformance
1791371520,b089f0a6-bf6c-413a-bae4-8d495b14ca31,ETH,long,0.500,-2.000,-3.487,0.769,-3.897,265.965,0,0,0,bull_quiet,bear,cost_overrun
1791375985,c85426ae-b0e5-4fae-832c-6fdf3fb2782f,PAXG,long,0.850,0.870,-1.838,0.144,-1.142,19.150,1,0,0,range,range,alpha_wrong
1791376567,65055a3c-54fd-4de9-b008-d8f779be0a22,LINK,short,0.850,0.809,0.187,1.332,-0.148,1.615,0,0,0,bear,bear,underperformance
1791377237,ea93245a-c2a9-4de4-af9b-df4e73bed8c0,PAXG,long,0.850,0.862,-1.777,0.026,-0.716,4.520,1,0,0,range,range,alpha_wrong
1791380355,eb2f8c40-54c3-4935-b597-59e7b138848f,BTC,long,0.500,-2.000,-1.036,3.668,0.000,220.508,0,0,0,bear,bear,
1791432792,76ff664b-4df2-4cbc-8d43-51ec2ce90752,LINK,long,0.850,0.899,-1.935,0.211,-1.407,2.880,1,0,0,bull_quiet,bull_quiet,alpha_wrong
1791466829,4d706018-9ccb-4b31-8957-98641ff06933,BTC,long,0.850,0.839,-1.887,0.529,-1.394,19.836,1,0,0,bull_quiet,bear,alpha_wrong
1791472743,51f04446-8e76-466c-8d8c-51aa611ce8b7,ETH,long,0.850,0.832,-1.952,0.257,-1.194,2.179,1,0,0,bull_quiet,bull_quiet,alpha_wrong
1791480567,6704d3b3-da73-4725-b8e5-ea7a32cdc4c1,BTC,short,0.850,0.827,0.177,1.039,-0.092,0.750,0,0,0,bear,bull_quiet,regime_shift
1791533694,57240216-7f9e-48f3-9275-b19355336b08,LINK,long,0.850,0.838,-0.022,0.897,-0.290,3.872,0,0,0,bull_quiet,bull_quiet,underperformance
1791542085,1edb21a9-41a7-49ac-ba07-b5f80f92bdff,PAXG,long,0.850,0.859,0.432,1.474,-0.010,11.467,0,0,0,range,range,underperformance
1791544050,f1ac867f-b68b-4eb9-9b2d-08c25c11496c,PAXG,long,0.850,0.854,0.535,1.689,-0.586,26.260,0,0,0,range,range,underperformance
1791551641,6f00e4ef-ff58-47ea-9032-d91a109a0cfa,ETH,long,0.500,-2.000,-3.220,0.000,-5.303,48.477,0,0,0,bear,bear,cost_overrun
1791554475,31e8b20b-9978-4dba-b531-3740964d56cd,LINK,long,0.850,0.758,-1.936,0.476,-1.185,5.303,1,0,0,bull_quiet,bull_quiet,alpha_wrong
